filename,words
1.png,သိုၵ်းမၢၼ်ႈလႄႈ သိုၵ်းၵဝ်ႈၵၢင်ႉ ယိုဝ်းၵၼ်တီႈပၢင်ႇသၢႆး တိူဝ်ႉၺႃးႁိူၼ်းၵူၼ်းဝၢၼ်ႈၵူ
2.png,ၵူၼ်းပၢင်ႇသၢႆးၵေႃႉၼိုင်ႈလၢတ်ႈတီႈၽူႈတွႆႇႁွၵ်ႈဝႃႈ -“ ယိုဝ်းၵၼ်ႁိုင်မွၵ်ႈ 45 မိၼိတ်
3.png,ၵဝ်ႈၵၢင်ႉပႂ်ႉယိုဝ်းသိုၵ်းမၢၼ်ႈထႅမ်ႁႅင်းသိုၵ်း တၢင်းၶိုၼ်ႈလွႆ ၼၼ်ႉဢေႃႈ။
4.png,သိုၵ်းမၢၼ်ႈ သမ်ႉၶိုၼ်းယူႇတီႈတပ်ႉၶဝ် ၼိူဝ်လွႆ၊ ဢၼ်မီးၾၢႆႇၼိူဝ်ၵွင်းမူး ပၢင်ႇသၢႆး
5.png,သမ်ႉတူၵ်းၸမ်ဝၢၼ်ႈလႄႈ တိူဝ်ႉသႂ်ႇ ႁိူၼ်းယေးၵူၼ်းဝၢၼ်ႈၶႃႈဢေႃႈ ။
6.png,ၵူၼ်းဝၢၼ်ႈတႄႉ ဢမ်ႇငိၼ်းဝႃႈတိူဝ်ႉမၢတ်ႇၸဵပ်းၼင်ႇၵဝ်ႇၶႃႈ” ဝႃႈၼႆ။
7.png,ၼႂ်းဝူင်ႈဝၢင်ႈၼႆႉ သိုၵ်းမၢၼ်ႈလႄႈသိုၵ်းၵဝ်ႈၵၢင်ႉ ၵႆႉယိုဝ်းၵၼ်၊ လႆႈဝႃႈယိုဝ်းၵၼ်ယူႇ
8.png,ယိုဝ်းယိုဝ်းၵိုတ်းၵိုတ်း။
9.png,မီးၶၢဝ်ႇဝႃႈ သိုၵ်းၵဝ်ႈၵၢင်ႉၶႂ်ႈလႆႈၶိုၼ်းမိူင်းၵူဝ်းၼႆလႄႈ သိုၵ်းမၢၼ်ႈၸင်ႇထႅမ်ႁႅင်
10.png,ၼိုင်ႈဝၼ်းရူတ်ႉၵႃးၾူဝ်ႊဝီႊ 4-5 လမ်း။
11.png,မိူဝ်ႈဝႃး (19/8/2021) ယၢမ်းၵၢင်ၶမ်ႈမွၵ်ႈ 8 မူင်းပၢႆၵေႃႈ ၵူၼ်းမိူင်းႁၼ် သိုၵ်း ၶ
12.png,လိူဝ်ၼၼ်ႉ ၼႂ်ၼႆႉၵေႃႈ မီးၵူၼ်းၸုမ်းၼိုင်ႈ ၶီႇရူတ်ႉၶိူင်ႈလၢႆလၢႆၵၼ်း မႃးပွႆႇမၢၵ်ႇၼႂ
13.png,“ၼႂ်ၼႆႉၵေႃႈ မီးၵူၼ်းၶီႇရူတ်ႉၶိူင်ႈမႃးသေ ဢဝ်မၢပ်ႇပွမ်းထိုမ်ႈၶဝ်ႈၼႂ်းဝၢင်း ႁူင်းပလ
14.png,မၢၵ်ႇၵေႃႈတႅၵ်ႇ။
15.png,ၵူၺ်းဢမ်ႇတိူဝ်ႉၵူၼ်းၼင်ႇၵဝ်ႇၶႃႈ။
16.png,ပလိၵ်ႈမၢၼ်ႈၵေႃႈၶိုၼ်းယူႇၼႂ်းဝၢင်းသေ ယိုဝ်းၸွမ်းလင်ၵူၼ်းၶီႇရူတ်ႉၶိူင်ႈၸိူဝ်းၼၼ်ႉ
17.png,”- ဝႃႈၼႆ။
18.png,ၵူၼ်းၶီႇရူတ်ႉၶိူင်ႈၸုမ်းၼႆႉ ယူႇယူႇၵႆႉဢဝ်ႁႅင်းမႃးပၼ်ႇလဵပ်ႈလွၵ်ႇငိုတ်ႈၸွမ်းႁူင်းပလ
19.png,ပဵၼ်ၽႂ်ၸုမ်းလႂ်ဢမ်ႇႁူႉတႅတ်ႈတေႃးသေတႃႉ ၵူၼ်းပိုၼ်ႉတီႈၵမ်ႈၽွင်ႈလၢမ်းၶၢတ်ႈဝႃႈ လႅပ်ႈ
20.png,သိုၵ်းမၢၼ်ႈလႄႈသိုၵ်းၵဝ်ႈၵၢင်ႉ  ဢိၵ်ႇၸုမ်းဢူၺ်းလီၼႆႉ တႄႇပိုတ်းယိုဝ်းၵၼ်မႃးၶိ
21.png,ၵူၼ်းပိုၼ်ႉတီႈလႆႈပၢႆႈၽေးသိုၵ်း မီးႁိမ်း 1000 ။
22.png,ၵမ်ႈၽွင်ႈပၢႆႈမူၵ်းယုမ်း ၵမ်ႈၽွင်ႈပၢႆႈၵႂႃႇယူႇၸွမ်းပီႈၼွင်ႉ၊ ၵမ်ႈၽွင်ႈပၢႆႈၵႂႃႇယူႇ
23.png,ယၢမ်းလဵဝ်ၵူၼ်းပၢႆႈၽေးသိုၵ်းယၢပ်ႇၽိုတ်ႇ ၽႃႈယၢင်မုင်းသုမ်ႉသွင်းတႃႇယူႇလွတ်ႈၶၢဝ်းၾူ
24.png,ၸိူဝ်းၵႂႃႇယူႇႁိမ်းလႅၼ်လိၼ်ၶႄႇၼၼ်ႉ လူင်ပွင်ၸိုင်ႈၶႄႇ မႃးႁဵတ်းႁူဝ်ႉလႅၼ်လိၼ် တီႈဢၼ
25.png,ၸိုဝ်ႈလၢႆးၵၢၼ်ပွႆႇသဵင် သႂ်ႇဝႆႉဝႃႈ   ၼႆသေ တႄႇပွႆႇသဵင်ပၼ်ၵႂႃႇလႄႈ ၵူၼ်းမိူင
26.png,ဢွမ်လူမ်း
27.png,“တင်ႈတႄႇ  ပိုၼ်ၽၢဝ်ႇဝႃႈ ထႅင်ႈ 2-3 ဝၼ်းတေတႄႇပွႆႇသဵင် ၼႆၼၼ်ႉယဝ်ႉၶႃႈ ။
28.png,ၵူၼ်းတီႈဝဵင်းတႃႈၵုင်ႈ ဢွၼ်ၵၼ်ၵႂႃႇသိုဝ်ႉ ဢွမ်လူမ်းမႃး။
29.png,ၼႂ်းၵၢတ်ႇ ဢွၼ်ႊလၢႆႊ ၵေႃႈ ဝၢင်းၶၢႆ ၸၢၵ်ႈဢွမ်လူမ်း မႃးဢေႃႈ။
30.png,ၵႃႈဢွမ်လူမ်းၵေႃႈ ပုင်ႈၶိုၼ်ႈသုင်ဢေႃႈ ။
31.png,လုၵ်ႈတီႈ 1 လုၵ်ႈ 12000 ပျႃးၼႆႉၶိုၼ်ႈထိုင် 17000 ပျႃးၸိူဝ်းၼႆႉဢေႃႈ။
32.png,ၵူၺ်းၵႃႈ တႃႇတီႉထွမ်ႇလႆႈ သဵင်   ၼႆႉသမ်ႉ တၵ်းလႆႈပဵၼ်သႅၼ်း 10
33.png,” ၵူၼ်းၼုမ်ႇသႅၼ်းႁုၼ်ႈမႂ်ႇ ဢၼ်ယူႇတႃႈၵုင်ႈလၢတ်ႈ။
34.png,ၼႂ်းလၢႆးၵၢၼ်   ၼၼ်ႉ ပဵၼ်လၢႆးၵၢၼ်- ၶၢဝ်ႇ၊ တႃႇႁႄႉၵင်ႈတၢင်းပဵၼ်ၶူဝ်ႊဝိတ်ႉ၊
35.png,ၾူၼ်တူၵ်း ဝၼ်းတီႈ 18/8/2021 သေ လွႆၵူၼ်ႇပိၵ်ႉၼၢင်သဵၼ်ႈတၢင်း၊ တေႃႇထိုင်ဝၼ်းတီႈ 19
36.png,-လိၼ်ၵူၼ်ႇသဵၼ်ႈတၢင်းမိူင်းငေႃႉ ၵျွၵ်ႉမႄး ဝၼ်းတီႈ 18 လႄႈ 19/8/2021
37.png,တၢင်းၶဝ်ႈမိူင်းငေႃႉၵေႃႈမီး ၵဵတ်ႉ/လၢၼ်ႇ ပႂ်ႉၵူတ်ႇထတ်းထဵတ်ႈထၢမ်။
38.png,“ပႆႇမီးၵူၼ်းမိူင်းႁတ်းၵႂႃႇမႃးၶႃႈ။
39.png,ပေႃးပဵၼ်ၵူၼ်းတၢင်ႇတီႈမႃးၼႆ ၶႆႈၶဝ်ႈၵၵ်းတူဝ် 14 ဝၼ်း ၸင်ႇပၼ်ၶဝ်ႈမိူင်းငေႃႉ ၶႃႈဢေႃ
40.png,ၾၢႆႇၼိုင်ႈၵေႃႈ ၼႂ်းဝူင်ႈဝၢင်ႈၼႆႉ ပၢင်တိုၵ်းၵေႃႈၶိုၼ်းႁၢဝ်ႈႁႅင်းမႃးဢေႃႈ ပွတ်းမိူ
41.png,သဵၼ်ႈတၢင်းၼႂ်းၵႄႈမိူင်းငေႃႉ-ၵျွၵ်ႉမႄးၼႆႉ ပေႃးၾူၼ်တူၵ်းႁႅင်း/ ထပ်းၵၼ်လၢႆဝၼ်းၼႆ လိ
42.png,ပၢင်တိုၵ်းဢၼ်ပဵၼ်ပွတ်းတေႃႉသၢင်ႇ -မိူင်းငေႃႉၼႆႉ ပဵၼ်သိုၵ်းဢူၺ်းလီပွတ်းႁွင်ႇလႄႈ သိ
43.png,ၵူၼ်းမိူင်းလႆႈၾၢင်ႉလွင်ႈၵႂႃႇမႃး။
44.png,ပၢင်တိုၵ်းၼႆႉပဵၼ်ႁၢဝ်ႈႁႅင်းၽွင်းႁူဝ်လိူၼ်ၵျူႊလၢႆႊ။
45.png,ယၢမ်းလဵဝ် ပွၵ်ႈမိူဝ်းၶိုၼ်းၽွင်ႈယဝ်ႉသေတႃႉ တၢင်းပွတ်းဝၢၼ်ႈၵေႃႈ ယူႇယူႇသဵင်ၵွင်ႈသဵ
46.png,ၵူၼ်းဝၢၼ်ႈပၢႆႈၽေးသိုၵ်းမႃးသွၼ်ႈတီႈမိူင်းငေႃႉ ၼပ်ႉႁူဝ်ပၢၵ်ႇ။
47.png,တီႈမိူင်းငေႃႉၼႆႉ ၵူၼ်းတိတ်းၸပ်းတၢင်းပဵၼ်ၶူဝ်ႊဝိတ်ႉၵေႃႈမီးၼမ်။
48.png,ၵူၼ်းမိူင်းလႄႈၵူၼ်းပၢႆၽေး လႆႈၾၢင်ႉယူႇၾၢင်ႉၵိၼ်။တီႈဝဵင်းတႃႈၶီႈလဵၵ်း လႅၼ်လိၼ်တႆး-
49.png,-  ၸုမ်းၸွႆႈထႅမ်လွင်ႈၸဵပ်းမႆႈၶႆႈတၢႆ တႃႈၶီႈလဵၵ်း တိုၵ်ႉဢဝ
50.png,ၾၢႆႇပၢႆးယူႇလီ ၵူတ်ႇထတ်းထူပ်းႁၼ် ၵူၼ်းၸပ်းတၢင်းပဵၼ် ၼိုင်ႈဝၼ်း မီးၼႂ်းၵႄႈ 30 ထိုင
51.png,“ၵူၼ်းတႄႉၵႂႃႇမႃး ပိုတ်ႇလၢၼ်ႉၶၢႆၶူဝ်းၶိုၼ်း ၶႆႈဝႃႈမိူၼ်ၵဝ်ႇယဝ်ႉၶႃႈ တီႈတႃႈၶီႈလဵၵ်း
52.png,ဢမ်ႇပိုတ်ႇလၢၼ်ႉၵေႃႈသမ်ႉလူဝ်ႇႁႃၵိၼ်လဵင်ႉတွင်ႉၶႃႈလူးၼေႃ။
53.png,ၵွပ်ႈၼႆ ဢၼ်ၸပ်းတၢင်းပဵၼ်ၼႆႉၵေႃႈၵူတ်ႇထတ်းႁၼ်ယူႇၵူႈဝၼ်းဢေႃႈ။
54.png,ၵူၼ်းလုၵ်ႉမိူင်းထႆး မိူင်းလၢဝ်းမႃးၵေႃႈ မီးယူႇတိၵ်းတိၵ်းဢေႃႈ“ ၵူၼ်းတႃႈၶီႈလဵၵ်း ဢ
55.png,ၵူၼ်းမိူင်းႁူမ်ႈတုမ်ဢၼ်ၵႂႃႇႁဵတ်းၵၢၼ်တၢင်းမိူင်းထႆး မိူင်းလၢဝ်းၵေႃႈ ပွၵ်ႈႁိူၼ်းၶိ
56.png,ၾၢႆႇၽွင်းငမ်း ၊ၾၢႆႇၵႅတ်ႇၵင်ႈၶူဝ်ႊဝိတ်ႉ ႁပ်ႉၶဝ်ႈတႃႈၶီႈလဵၵ်း ၵူတ်ႇထတ်းတၢင်းပဵၼ်သေ
57.png,ပဵၼ်တၢင်းဝၢၼ်ႈ ၽွင်ႈ ၊ တၢင်းမိူင်းၽူင်း တႃႈလိူဝ်ႇ ၽွင်ႈ ၊ ၵူၼ်းတၢႆၵေႃႈ တေပဵၼ်ၵူ
58.png,“ၵူၼ်းၸပ်းတၢင်းပဵၼ် 2000 ပၢႆ ၼႆႉ ဢမ်ႇၸႂ်ႈၼႂ်းဝဵင်းတႃႈၶီႈလဵၵ်း ၵူၺ်းၶႃႈ။
59.png,ဢွၵ်ႊသီႊၵျိၼ်ႊတႄႉ ၵမ်ႈၼမ် တေသင်ႇဢဝ်တၢင်းလၢႆႇၼႃႈ (မႄႈသၢႆ) ၊ မႄႈၵျၼ်း ပုၼ်ႉမႃးဢေႃ
60.png,ႁႅင်းဢွၵ်ႊသီႊၵျိၼ်ႊတူၵ်း ၶႃႈဢေႃႈ။
61.png,ၶဝ်ပၼ်တေႃႉၶဝ်ႈ တေႃႉဢွၵ်ႇယူႇၶႃႈ။
62.png,”- ၵူၼ်းၼုမ်ႇၸွႆႈထႅမ်တူင်ႇဝူင်းၵူၼ်း တႃႈၶီႈလဵၵ်း လၢတ်ႈထႅင်ႈၼင်ႇၼႆ။
63.png,တွၼ်ႈတႃႇၸွႆႈထႅမ်ႁႅင်းၵၢၼ်ယၢၼ်မိူင်း ပွၵ်ႈႁိူၼ်းၶိုၼ်းတႄႉ ၸဝ်ႈတူၼ်ၶူးဝတ်ႉၵျွင်း ၼ
64.png,ၵူၼ်းပၢႆႈၽေးသိုၵ်းၼႂ်းဝဵင်းပၢင်ႇသၢႆး ၸိုင်ႈတႆးပွတ်းႁွင်ႇ ႁဵတ်းသုမ်ႉသွင်းယူႇသဝ်းႁ
65.png,() -ၶႄႇမႃးလွမ်ႉႁူဝ်ႉၶႅၼ်ႈလႅၼ်လိၼ် တီႈႁိမ်းပၢင်သဝ်းၵူၼ်းပၢႆႈၽေးသိ
66.png,ၵူၼ်းပၢႆႈၽေးသိုၵ်းတီႈႁိမ်းလႅၼ်လိၼ်ၼႆႉပဵၼ်ၵူၼ်းဝၢၼ်ႈ 7 ဝၢၼ်ႈဢၼ်ယူႇသဝ်းၼႂ်းဝဵင်းပၢ
67.png,ၸိူဝ်းၶဝ်ပၢႆႈၽေးပၢင်တိုၵ်း သိုၵ်းၵဝ်ႈၵၢင်ႉ  လႄႈသိုၵ်းမၢၼ်ႈ ပိုတ်းယိုဝ်းၵၼ်
68.png,သိုၵ်းမၢၼ်ႈ ယိုဝ်းၵွင်ႈၶဝ်ႈၼႂ်း ဝၢၼ်ႈ ဝၢၼ်ႈၾၢႆၵွင်း ဢိူင်ႇၽွင်းသႅင် ဝဵင်းပၢင်ႇသၢ
69.png,ၵူၼ်းမိူင်း ၼပ်ႉႁူဝ်ပၢၵ်ႇ ပၢႆႈမူၵ်းထိူၼ်ႇ ၊ ပၢႆႈသုတ်ႉယူႇသဝ်းႁိမ်းလႅၼ်လိၼ် တီႈၵႆ
70.png,တေႃႇထိုင်မိူဝ်ႈဝႃးၼႆႉ သိုၵ်းၶႄႇ လွမ်ႉႁူဝ်ႉလႅၼ်လိၼ် တီႈဢၼ်မီးပၢင်သဝ်းၵူၼ်းပၢႆႈၽေး
71.png,ႁူဝ်ၵူၼ်းပၢႆႈၽေးမီး 1400 ပၢႆ။
72.png,ႁဵတ်းႁႂ်ႈၵူၼ်းပၢႆႈၽေး ပဵၼ်လွင်ႈသုၵ်ႉယုင်ႈၸႂ် ဝႃႈတေလႆႈၶၢႆႉပၢႆႈထႅင်ႈတီႈလႂ် ၼႆယူႇ-
73.png,တေႃႇထိုင်ယၢမ်းလဵဝ်သိုၵ်း 2 ၸုမ်းတိုၵ်ႉၶဵင်ႈၶႅင်ၵၼ်ယူႇလႄႈၵူၼ်းပၢႆႈၽေးပႆႇၸၢင်ႈပွၵ်
74.png,ၾၢႆႇၼိုင်ႈၾူၼ်ၵေႃႈတူၵ်းထပ်းၵၼ်ႁႃႇယႂ်ႇ လၢႆဝၼ်းယဝ်ႉလႄႈ ၵူၼ်းပၢႆႈၽေး လူဝ်ႇၽႃႈယၢင်မ
75.png,ဢၢၼ်ႇၶၢဝ်ႇပၢင်တိုၵ်း သိုၵ်းမၢၼ်ႈလႄႈ  မိူဝ်ႈႁူဝ်လိူၼ်ဢေႃႊၵတ်ႉသ်ၼႆႉ
76.png,ၵၢတ်ႇဝဵင်းၶူဝ်လမ် ဢၼ်ပိၵ်ႉမႃးလႆႈႁိမ်းၽၢၵ်ႇလိူၼ် သၢဝ်းဝၼ်း ယွၼ်ႉတၢင်းပဵၼ်ၶူဝ်ႊဝိတ
77.png,- ၵူၼ်းတိတ်းၶူဝ်ႊဝိတ်ႉ ဢၼ်မႂ်ႇဢမ်ႇမီးယဝ်ႉလႄႈ ၵၢတ်ႇဝဵင်းၶူဝ်လမ်
78.png,“ယၢမ်းလဵဝ်တီႈဝဵင်းၶူဝ်လမ် ၵူၼ်းတိတ်းၸပ်းတၢင်းပဵၼ်ၶူဝ်ႊဝိတ်ႉ ဢၼ်ၵူတ်ႇထတ်းႁၼ်မႂ်ႇမ
79.png,ၵူၺ်းၵႃႈ ဢမ်ႇၵိုၼ်းၶႃႈ။
80.png,ပိူၼ်ႈပႆႇႁတ်းမႃးသိုဝ်ႉၶၢႆၵၼ်ၼမ်။
81.png,တီႈၶူဝ်လမ်ဢမ်ႇမီးၵူၼ်းပဵၼ်ယဝ်ႉၼႆသေတႃႉၵူၼ်းတၢင်ႇဝဵင်း မိူၼ်ၼင်ႇ ၵုၼ်ႁဵင် ၵႃလိ ၸိ
82.png,ၼွၵ်ႈလိူဝ်ၼၼ်ႉ ရူတ်ႉၵႃး ဢၼ်လုၵ်ႉတၢင်ႇတီႈ တေလတ်းဝဵင်းၶူဝ်လမ် ၵႂႃႇမႃးၼၼ်ႉၵေႃႈ ၾၢႆႇ
83.png,တိုၵ်ႉၸႂ်ႉတႆႇသဵၼ်တၢင်းၼွၵ်ႈဝဵင်းသေၵႂႃႇမႃးယူႇလႆႈႁူႉၼင်ႇၼႆ။
84.png,ၶၢဝ်းတၢင်းပဵၼ်ၶူဝ်ႊဝိတ်ႉ ၽႄႈလၢမ်းမႃးၵမ်းထူၼ်ႈသၢမ်ၼႆႉ ၵူၼ်းမိူင်းၶူဝ်လမ် ဢၼ်တိတ်း
85.png,တၢႆယွၼ်ႉတၢင်းပဵၼ်ၼႆႉမီး 2 ၵေႃႉ။
86.png,ၵူၼ်းတိတ်းၸပ်းၸိူဝ်းၼၼ်ႉတႄႉယၢမ်းလဵဝ်ၶႅၼ်းၸိုၼ်ႈသေ လူင်းႁူင်းယႃ ပွၵ်ႈမိူဝ်းယူႇႁိူ
87.png,ၵူၼ်းပဵၼ်ၶူဝ်ႊဝိတ်ႉ ႁွပ်ႈသၢမ် ၼႂ်းပတ်းပိုၼ်ႉမိူင်းတႆး ၼႂ်းၶၢဝ်းတၢင်း 80 ဝၼ်းၼႆႉ
88.png,ၵူၼ်းတၢႆယွၼ်ႉတၢင်းပဵၼ် မီး ႁိမ်းၸမ် 1000 ၸုမ်းတူင်ႉၼိုင်ၸွႆႈထႅမ်ၵူၼ်းပဵၼ်ၶူဝ်ႊဝ
89.png,ဢူးဢွင်ႇလေး ဢႃယု 48 ပီလႄႈၵေႃႉပဵၼ်လုၵ်ႈၸၢႆး ပဵၼ်ၸၢႆးလိူၼ် ဢႃယု 24 ပီ ဢၼ်ယဵပ်ႇၺႃးမ
90.png,“ဝၼ်းတီႈ 15/8/2021 ၵူၼ်းဝၢၼ်ႈၼမ်ႉမင်း သွင်ၵေႃႉပေႃႈလုၵ်ႈ ၵႂႃႇႁႃၼေႃႇသေ ယဵပ်ႇၺႃးမၢၵ
91.png,ပေႃႈမၼ်းမၢတ်ႇၸဵပ်းတီႈၶႃႈလူင် လုၵ်ႈၸၢႆးမၼ်းၺႃးၸၢၵ်ႇမၢၵ်ႇတီႈ ႁူဝ်ၶဝ်ႇ ” ၵူၼ်းႁူႉၸ
92.png,ၵေႃႉပဵၼ်ပေႃႈၸိုဝ်ႈႁွင်ႉ ဢူးဢွင်ႇလေး ဢႃယု 48 ပီလႄႈၵေႃႉပဵၼ်လုၵ်ႈၸၢႆး ပဵၼ်ၸၢႆးလိူၼ်
93.png,ပဵၼ်ၵူၼ်းပွၵ်ႉ 8 ၵျွၵ်ႉမႄး။
94.png,ၸဵမ်မိူဝ်ႈၾူၼ်တႄႇသိင်း ၶႃသွင်ၵေႃႉပေႃႈလုၵ်ႈ ၵႂႃႇႁႃၼေႃႇ ႁႃႁဵပ်း ႁိမ်းႁွမ်းၼၼ်ႉၵူႈ
95.png,“ဝၼ်းၵွၼ်ႇႁဝ်းၶႃႈၵေႃႈၵႂႃႇႁႃႁဵပ်းႁႃၼေႃႇ တၢင်းၼၼ်ႉယူႇၶႃႈၼႃ။
96.png,ဢမ်ႇၸႂ်ႈႁႃးပေႃႈလုၵ်ႈၵူၺ်းၵႂႃႇၼႆႉ။
97.png,ၵူၼ်းၼႂ်းဝၢၼ်ႈၵေႃႈၵႂႃႇ။
98.png,ဢိူဝ်ႈဝၼ်းၼၼ်ႉတႄႉလႆႈဝႃႈႁႃးပေႃႈလုၵ်ႈၵၢမ်ႇႁၢႆႉၵႂႃႇဢိူဝ်ႈၼေႃႈ ” ဢူးဢွင်ႇလေး ၵေႃႉယဵ
99.png,ၵူၼ်းတၢင်ႇဝၢၼ်ႈၵေႃႈမႃးယဝ်ႉ တၢင်းၼမ်ႉမင်းၼႆႉ။
100.png,ထုင်ႉၼၼ်ႉမီးၸုမ်းယိပ်းၵွင်ႈၵၢင်ႇတူင်ႉၼိုင်ၵႂႃႇမႃးယူႇသဝ်း ၵူႈၸုမ်း။
101.png,ပဵၼ်ၼမ်ႉမိုဝ်းၸုမ်းလႂ်တႄႉဢမ်ႇၸၢင်ႈဝႃႈ မၼ်းၸၢႆးလၢတ်ႈၼင်ႇၼႆ။
102.png,ထုင်ႉၼမ်ႉမင်းၼၼ်ႉ မီးၼေႃႇ မီးႁဵပ်းလိူင်ႇလႄႈ ၵူၼ်းဝၢၼ်ႈၵႂႃႇႁႃမႃးၵိၼ်မႃးၶၢႆၵူႈပီ။
103.png,ၵွပ်ႈၼႆလႄႈ ၵူၼ်းႁႃႁဵပ်းၵေႃႈ ထုၵ်ႇလီၾၢင်ႉတူဝ် တႃႇလွတ်ႈၽေးယူႇ ၵူၼ်းဝၢၼ်ႈထုင်ႉၼမ်ႉ
104.png,“တၢင်း 11 လၵ်း 12 လၵ်း ထုင်ႉဝၢၼ်ႈၼမ်ႉမင်းၼႆႉ ႁဵပ်း ၊ ၼေႃႇ တၢင်းၵိၼ်လိူင်ႇၼႃႇၶႃႈ။
105.png,မိူၼ်ၶၢဝ်းယၢမ်းၼႆႉ ပဵၼ်ၶၢဝ်း ႁဵပ်းလိူင်ႇ။
106.png,ၵူၼ်းဝၢၼ်ႈမႃးႁႃႁဵပ်းပေႃးၵိုၼ်းဢိုၵ်ႉဢိုၵ်ႉၶႃႈယဝ်ႉ။
107.png,တႃႇႁႂ်ႈလွတ်ႈၽေးၼၼ်ႉၵူၼ်းဝၢၼ်ႈၵေႃႈထုၵ်ႇလီၾၢင်ႉယႂ်ႇၼမ်ယူႇဢေႃႈ။
108.png,ၼႂ်းလိူၼ်ဢေႃးၵၢတ်ႉသ် ဝၼ်းတီႈ 13 ၼႆႉၵေႃႈ   ၵူၼ်းဝၢၼ်ႈပၢင်မႃႉ ဢၼ်ပၢႆႈၽေးသိုၵ်းမႃးယ
109.png,” မၼ်းၸၢႆးလၢတ်ႈၼင်ႇၼႆ။
110.png,ႃႈဢေးၸိင်ႇဢႃယု 40 ပီလႄႈ မၢႆးဢၢႆႈၺီႇ ဢႃယု 31 ပီ ဢၼ်ယဵပ်ႇၺႃးမၢၵ်ႇတီႈႁိမ်းသူၼ်ၼဵင်ႈ
111.png,“ၶဝ်ၵႂႃႇႁႃႁဵပ်းႁိမ်းသူၼ်ၼဵင်ႈၼၼ်ႉၵူၺ်း။
112.png,ၵႂႃႇၶွင်ႉၺႃးသၢႆ  မၢၵ်ႇမႅင်း  သေ မၢၵ်ႇတႅၵ်ႇတိူဝ်ႉသႂ်ႇၶႃ  ။
113.png,ၸိုဝ်ႈႁွင်ႉ ယႃႈဢေးၸိင်ႇဢႃယု 40 ပီလႄႈ မၢႆးဢၢႆႈၺီႇ ဢႃယု 31 ပီ။
114.png,လုၵ်ႈဢွၼ်ႇဢၼ်ၵႂႃႇၸွမ်းၶႃ 4 ၵေႃႉၼၼ်ႉတႄႉ ဢမ်ႇမၢတ်ႇၸဵပ်း   ။
115.png,ၶႃသွင်ၵေႃႉတႄႉ ယၢမ်းလဵဝ်ယူတ်းယႃတူဝ်ဝႆႉတီႈႁူင်းယႃ။
116.png,” ၽူႈၸၢႆး ဢၼ်ၸွႆႈထႅမ်တႃႇ ၶႃသွင်ၵေႃႉတေလႆႈယူတ်းယႃတူဝ်ၼၼ်ႉလၢတ်ႈတီႈၽူႈတွႆႇႁွၵ်ႈၼင်ႇ
117.png,မိူဝ်ႈလိူၼ် ၵျူႊလၢႆႊပူၼ်ႉမႃးၵေႃႈ ၽူႈၸၢႆး ၵူၼ်းဝၢၼ်ႈပၢင်လႅင် ဢႃယု 25 ပီ ၵႂႃႇႁႃႁဵပ
118.png,တီႈဝဵင်းၵျွၵ်ႉမႄးၼႆႉ တၢင်းပဵၼ်ၶူဝ်ႊဝိတ်ႉလၢမ်းၽႄႈႁၢဝ်ႈႁႅင်း၊ ႁႃၵိၼ်လဵင်ႉတွင်ႉယၢပ်
119.png,ၵွပ်ႈၼႆ လဵၵ်ႉယႂ်ႇၼုမ်ႇထဝ်ႈပႃးၸဵမ်ၵူၼ်းဝဵင်းၵူၼ်းဝၢၼ်ႈ ဢွၼ်ၵၼ်ဢွၵ်ႇႁႃႁဵပ်း ႁႃၼေႃ
120.png,- ၼမ်ႉမၢဝ်းၼွင်းလူၼ်ႉၾင်ႇ ထူမ်ႇၶဝ်ႇပွတ်း 19 ဝၢၼ်ႈ မူႇၸေႊ
121.png,ၵူၼ်းၼုမ်ႇမူႇၸေႊ ၵေႃႉၼိုင်ႈလၢတ်ႈဝႃႈ “ ၼႂ်ၼႆႉ ၼမ်ႉမၢဝ်းၼွင်း ထူမ်ႈထိုင်မၢၼ်ႈတိုင်
122.png,မိူဝ်ႈဝႃး ၼမ်ႉပူဝ်ႉၼွင်းလႄႈ ၼမ်ႉထူမ်ႈ ပၢင်ႇၶမ်း၊ ၼွင်ယၢင်း။
123.png,”- ဝႃႈၼႆ။
124.png,ၼႂ်ၼႆႉယၢမ်းၸဝ်ႉ ႁၢၼ်ႉတၢင်းၵိၼ် မၢၼ်ႈဢွႆႈ ၼႂ်းဢိူင်ႇ 19 ဝၢၼ်ႈ မူႇၸေႊၵေႃႈၼမ်ႉထူမ်ႈ
125.png,ၾူၼ်တူၵ်းထပ်းၵၼ် 4-5 ဝၼ်းသေဢမ်ႇၵႃး ၾၢႆႇၶေႇသမ်ႉပိုတ်ႇၾၢႆလႄႈ ႁဵတ်းႁႂ်ႈၼမ်ႉထူမ်ႈမူ
126.png,- ၼမ်ႉပေႃႈ (ၼမ်ႉပူဝ်ႉ) ၼွင်းထူမ်ႈတူင်ႈႁႆႈတူင်ႈၼႃးၵူၼ်းဝၢၼ်ႈပၢင်ႇၶမ်း
127.png,“မိူဝ်ႈဝႃး ၾၢႆႇၽွင်းငမ်းတၢင်းမူႇၸေႊၵေႃႈ ၵႂႃႇလၢတ်ႈတီႈ ၾၢႆႇၽွင်းငမ်းပၢင်ႇၶမ်းယူႇဝႃ
128.png,”- ၵူၼ်းၼုမ်ႇမူႇၸေႊၼၼ်ႉသိုပ်ႇလၢတ်ႈၼင်ႇၼႆ။
129.png,ၼမ်ႉပေႃႈ(ၼမ်ႉပူဝ်ႉ) ၵေႃႈမၢင်တီႈတႄႉလူတ်းယွမ်းလူင်းဢိတ်း ဢီႈယဝ်ႉၵူၺ်းၵႃႈ တူင်ႈႁႆႈတ
130.png,ၼမ်ႉထူမ်ႈၵၼ်းၼႆႉ ထူမ်ႈဝၢၼ်ႈလႂ်ထႅင်ႈၼႆႉ တိုၵ်ႉသိုၵ်ႇၸွပ်ႇထၢမ်တူၺ်းထႅင်ႈယူႇ။ၾူၼ်တ
131.png,- ဝၼ်းတီႈ 18/8/2021 ၼမ်ႉတူႈသုင် တီႈသီႇပေႃႉ
132.png,တီႈဝဵင်းသီႇပေႃႉ ၸိုင်ႈတႆးပွတ်းႁွင်ႇၵေႃႈ  ၼမ်ႉပေႃႈ  ဢၼ်လႆၶဝ်ႈၼမ်ႉတူႈၼၼ်ႉ ၼွင်းလႄႈ
133.png,ၼႂ်းၶၢဝ်းတၢင်း 3ဝၼ်းၵူၺ်းၼမ်ႉၶိုၼ်ႈသုင်ထိုင်  8 ပေႇ။
134.png,ၶၢဝ်းယၢမ်းၵၢင်ဝၼ်းတဵင်ႈ မီးၵူၼ်းၸၢႆးၵေႃႉၼိုင်ႈ ဢႃယု မွၵ်ႈ 30 ပီ ဢၼ်ယူႇၾင်ႇၼမ်ႉပ
135.png,ၵူၺ်းၵႃႈမၼ်းၸၢႆးမေႃလုၺ်းၼမ်ႉလႄႈ ဢမ်ႇထိုင်တီႈလႆႈတၢႆ ၵူၼ်းသီႇပေႃႉလၢတ်ႈၼင်ႇၼႆ။
136.png,ယၢမ်းလဵဝ်ၼမ်ႉတူႈ ပႆႇလူၼ်ႉၾင်ႇ ပႆႇထူမ်ႈလိၼ်သူၼ်ႁႆႈၼႃးလႄႈႁိူၼ်းယေးၵူၼ်းဝၢၼ်ႈသေတႃႉ
137.png,မိူၼ်ၼၼ်ၼင်ႇၵဝ်ႇ တီႈ ၵျိၼ်ႊသၢၼ်ႊၵျေႃႉ တီႈၽၵ်းတူလႅၼ်လိၼ် မိူင်းမၢၼ်ႈ မိူင်းၶေႇၵေ
138.png,-ၼမ်ႉထူမ်ႈတီႈၽၵ်းတူလႅၼ်လိၼ် ၶႄႇ ၵျိၼ်ႊသၢၼ်းၵျေႃႉ  ဝၼ်းတီႈ 18
139.png,ယွၼ်ႉပိူဝ်ႈတၢင်းပဵၼ်ၶူဝ်ႊဝိတ်ႉလၢမ်းၽႄႈသေ ၶႄႇသင်ႇပိၵ်ႉၽၵ်းတူ ၵျိၼ်ႊသၢၼ်ႊၵျေႃႉၸဵမ်
140.png,မိူဝ်ႈၼႆႉပဵၼ်ဝၼ်းပိုတ်ႇၽၵ်းတူပၼ်ရူတ်ႉၵႃးၶဝ်ႈမိူင်းၶိုၼ်းသေတႃႉ ယွၼ်ႉၼမ်ႉထူမ်ႈတီႈရ
141.png,ၸိူဝ်းတၢင်ႇမႃး ယႃႈယႃလႄႈ ၶူဝ်းလမ်ႇလွင်ႈၵေႃႈ လႆႈ ဢဝ်ႁိူဝ်းၵႂႃႇႁပ်ႉဢဝ်မႃး ၼႆၸုမ်းၸ
142.png,ၵူႈပီပူၼ်ႉမႃးၵေႃႈ သင်ဝႃႈ ၾူၼ်တူၵ်းႁႃႇယႂ်ႇၸိုင် မႄႈၼမ်ႉယႂ်ႇၼႂ်းမိူင်းတႆး ၼွင်း ထူ
143.png,ၵႃႈၸိူဝ်ႉၽၼ်းၶဝ်ႈၵၢပ်ႇ၊ ထူဝ်ႇလိၼ်၊ ၶဝ်ႈ ၸိူဝ်းၼႆႉ ပုင်ႈၶိုၼ်ႈသုင်လိူဝ်ပီၵၢႆပီဢွၼ
144.png,တူင်ႈၼႃးပွတ်းမိူင်းယႆ
145.png,ႁဵတ်းၵၢၼ်တႃႇလႆႈၵိၼ်လႆႈယူႇဝႃႇ သႂ်ႇသႂ်ႇမႃး ၼီႈၵူၺ်းဢေႃႈထူမ်ႈႁူဝ်မႃးတိၵ်းတိၵ်းယဝ်ႉ
146.png,“ ပီၼႆႉလႆႈဝႃႈယၢပ်ၽိုတ်ႇၶၢၼ်ၸႂ်တႄႉၶႃႈဢေႃႈ။
147.png,ပီၵၢႆၼႆႉ ၽၼ်းၶဝ်ႈၵၢပ်ႇ ၼိုင်ႈထူင် 35000 ပျႃး ပီၼႆႉ ပဵၼ် 50000 ပျႃး။
148.png,ၵႃႈမျေႇဢေႃးၸႃႇ ၵေႃႈ ပုင်ႈၶိုၼ်ႈသွင်ပုၼ်ႈ။
149.png,ဢမ်ႇၸၢင်ႈႁဵတ်းၵိၼ်ၵၢၼ်ႁႆႈၵၢၼ်သူၼ်ယဝ်ႉၶႃႈ။
150.png,”- ၸၢႆးဢွင်ႇၶမ်း ၸဝ်ႈသူၼ်ၶဝ်ႈၵၢပ်ႇ မိူင်းယႆ လၢတ်ႈၽူႈတွႆႇႁွၵ်ႈၼင်ႇၼႆ။
151.png,ပီၼႆႉ ၵၢၼ်မိူင်း ၊ တၢင်းပဵၼ်ယေႃးၵႃႇမႃးၵဝ်းလႄႈ ၵႃႈၶၼ်ၶိူင်ႈၸႂ်ႉၶူဝ်းသွႆၼႂ်းၵၢၼ်ၽ
152.png,ၵူၼ်းမိူင်းယႆ ႁဵတ်းၵိၼ်ၵၢၼ်ၽုၵ်ႇသွမ်ႈပဵၼ်ပိူင်လူင်။
153.png,“ပီၼႆႉတႄႉ ၵၢၼ်မိူင်းၵေႃႈ ယုင်ႈ၊ တၢင်းပဵၼ်ၵႃႇလၵေႃႈမႃးၵဝ်း။
154.png,ၵႃႈၸၢင်ႈၵူၼ်းႁဵတ်းၵၢၼ်ၼႆႉ ပေႃးဝူၼ်ႉတူၺ်းၵူၺ်းၵေႃႈ ဢမ်ႇၸၢင်ႈႁဵတ်းၵၢၼ်သေဢိတ်းယဝ်ႉ
155.png,ဢၼ်လႆႈပွႆႇၼႃးႁၢမ်းပႅတ်ႈၵေႃႈမီးတင်းၼမ်ဢေႃႈ။
156.png,ၸဝ်ႈသူၼ်ၵမ်ႈၽွင်ႈ လုၵ်ႉတီႈယၢမ်ႈၽုၵ်ႇၶဝ်ႈၵၢပ်ႇသေ လႅၵ်ႈလၢႆႈၽုၵ်ႇ ငႃးလႄႈ ထူဝ်ႇလိၼ်
157.png,“ ဢၼ်ဢမ်ႇၽုၵ်ႇၶဝ်ႈၵၢပ်ႇဝၢၼ်ၼႆႉၼမ်ဢေႃႈပီၼႆႉ။
158.png,ၽုၵ်ႇငႃးလႄႈထူဝ်ႇလိၼ်တႅၼ်းၶႃႈဢေႃႈ ။
159.png,ၶဝ်ႈၵၢပ်ႇၵေႃႈၽုၵ်ႇၶဝ်ႈၵၢပ်ႇတႆး ဢိတ်းဢွတ်းၵူၺ်းယဝ်ႉၶႃႈ။
160.png,မိူင်းတႆးၼႆႉ ပိူင်လူင်ၽုၵ်ႇၶဝ်ႈ ၶဝ်ႈၵၢပ်ႇ ငႃး ထူဝ်ႇလိၼ် သေဢမ်ႇၵႃး ၽုၵ်ႇပႃး ၶဝ်ႈၵ
161.png,” လုင်းၵႃႇလိင်ႇၵူၼ်းဝၢၼ်ႈၼႃးယၢင်း ၵေႃႈလၢတ်ႈၽူႈတွႆႇႁွၵ်ႈၼင်ႇၼႆ။
162.png,ပီၼႆႉတႄႉ ယွၼ်ႉပိူဝ်ႈၶဵၼ်လူင် 5 ပိူင်သေလႄႈ ယၢပ်ႇၽိုတ်ႇတႃႇၽုၵ်ႇသွမ်ႈ ၊ ထိုင်တီႈလႆ
163.png,ၵူၼ်း လႃႈသဵဝ်ႈ ၵေႃႉၼိုင်ႈ လၢတ်ႈတီႈၽူႈတွႆႇႁွၵ်ႈဝႃႈ “မႆႈၸႂ်ၶႃႈဢေႃႈ ယၢမ်းလဵဝ် တီႈလႃ
164.png,ၵူၼ်းၸူၼ် ပႂ်ႉႁဵတ်းႁၢႆႉၵူၼ်းၵႂႃႇမႃးၼႂ်းၵိဝ်ႇ ၼႂ်းပွၵ်ႉတီႈၼိုင်ႈ  ဝဵင်းလႃႈသဵဝ်ႈ
165.png,လၢတ်ႈသိုဝ်ႈဝႃႈ ႁဝ်းၺွပ်းလႆႈၽူႈလၵ်ႉၼႆၵေႃႈ ႁဝ်းတေလႆႈၵႂႃႇသူင်ႇပၼ်ၽႂ်တီႈလႂ် ၊ တေလႆႈ
166.png,ၵူဝ်ပိူၼ်ႈ ဝၵ်ႉၸၼ်ႁုၵ်ႉထူင်ႁဝ်း။
167.png,ဝဵင်းလႃႈသဵဝ်ႈၼႆႉ ၵူၼ်းယူႇသဝ်းႁႃၵိၼ်လဵင်ႉတွင်ႉၵေႃႈၸေး၊ လုၵ်ႉလၢႆလၢႆတီႈမႃးယူႇၵေႃႈၼမ
168.png,ၽွင်းပတ်းပိုၼ်ႉၸိုင်ႈမိူင်း ၼႄၵၢင်ၸႂ်သၢၼ်ၶတ်းသိုၵ်းယိုတ်းမိူင်းၼၼ်ႉၵေႃႈ တီႈလႃႈသ
169.png,တေႃႇထိုင်ယၢမ်းလဵဝ် ၵူၼ်းမိူင်းဢမ်ႇယွမ်းႁပ်ႉသိုၵ်းယိုတ်းမိူင်း ပဵၼ်ၸဝ်ႈပဵၼ်ၶုၼ်။
170.png,ၽူႈတူင်ႉၼိုင် ၼႂ်းတူင်ႇဝူင်းၵူၼ်း လႃႈသဵဝ်ႈ ၵေႃႉၼိုင်ႈ လၢတ်ႈတီႈၽူႈတွႆႇႁွၵ်ႈဝႃႈ “
171.png,လွင်ႈ ႁူမ်ႇလူမ်ႈဢမ်ႇမီး။
172.png,တေႃႈၼင်ႇ ၵူၼ်းလူင်ၼႂ်းပွၵ်ႉၼႂ်းယွမ်ႇ ႁဝ်း ၵေႃႈပိူၼ်ႈယင်းဢမ်ႇႁတ်းဢွၵ်ႇႁိူၼ်း ၊ ပ
173.png,ၵူၼ်းမိူင်းဢမ်ႇၸၢင်ႈၸႂ်ယႂ်ႇၽႂ်။
174.png,ၽူႈလၵ်ႉၵူၼ်းၸူၼ်လိူင်ၼႂ်းဝဵင်းလႃႈသဵဝ်ႈၼႆႉ ဢမ်ႇၸႂ်ႈဝႃႈ ၼႂ်းပွၵ်ႉၼႂ်းၽၢႆႇ ၼႂ်းဝဵင်
175.png,ၵူၼ်းပွတ်းဝၢၼ်ႈ ၵေႃႉၼိုင်ႈ လၢတ်ႈတီႈၽူႈတွႆႇႁွၵ်ႈဝႃႈ “ယႃႇဝႃႈ ၼႂ်းဝၢၼ်ႈလႃႈ ၼွၵ်ႈဝၢၼ
176.png,ရူတ်ႉၶိူင်ႈၼႆႉ လၵ်ႉၵႂႃႇတိၵ်းတိၵ်းယဝ်ႉ။
177.png,မိူဝ်ႈလဵဝ် ၵႂႃႇသူၼ်လူင်းၼႃးၵေႃႈ တိုၼ်းလူဝ်ႇလႆႈမီးၵူၼ်း ပႂ်ႉႁိူၼ်းၵေႃႉၼိုင်ႈ။
178.png,ဢမ်ႇပႂ်ႉဢမ်ႇ လႆႈ သေဢိတ်း”- ဝႃႈၼႆ။
179.png,ၵူၼ်းမိူင်းလႃႈသဵဝ်ႈယင်းပိုတ်ႇဢူၵ်းပိုတ်ႇၸႂ်တေႃႇၽူႈတွႆႇႁွၵ်ႈဝႃႈ သင်မီးလွင်ႈလၵ်ႉၸူ
180.png,ႁႂ်ႈပၼ်ဝႆႉမၢႆၾူၼ်း ပေႃးမီးလွင်ႈယႂ်ႇမႃးႁႂ်ႈၵူၼ်းဝၢၼ်ႈ ၵပ်းသိုပ်ႇလႆႈ၊ ပေႃးၵူၼ်းဝၢ
181.png,: ၵူၼ်းပိုၼ်ႉတီႈ/ ပၢႆႉၶဝ်ႈဢွၵ်ႇဝဵင်းၼမ်ႉလၼ်ႈ
182.png,ၵူၼ်း ၼႂ်းဢိူင်ႇဝၢၼ်ႈၸိင်း ၵေႃႉၼိုင်ႈ လၢတ်ႈတီႈၽူႈတွႆႇႁွၵ်ႈဝႃႈ “ ၸႂ်ႈၶႃႈဢေႃႈ ယၢမ်
183.png,ၵူၼ်းဝၢၼ်ႈႁဝ်းၶႃႈ ၸႂ်ယႂ်ႇၼမ်ႉမေႃႇလိုၵ်ႉ (ဢဝီႇၸိ)ၶႃႈဢေႃႈ ။
184.png,ယၢမ်းလဵဝ် ၼမ်ႉဢဝီႇၸိၵေႃႈႁႅင်ႈ မူတ်း။
185.png,ႁဝ်းၶႃႈလႆႈၸႂ်ယႂ်ႇၼမ်ႉဢဝီႇၸိ ပီႈၼွင်ႉဝၢၼ်ႈၵျွင်းၶဝ် ၵူၺ်းယဝ်ႉၶႃႈ။
186.png,တီႈၼၼ်ႉတႄႉသမ်ႉဢမ်ႇႁႅင်ႈ။
187.png,ၸဵမ်သင်ၶၸဝ်ႈလႄႈ ၵူၼ်းဝၢၼ်ႈ မွၵ်ႈ 600 ၼႆႉ ထူပ်းတၢင်းယၢပ်ႇၽိုတ်ႇ လွင်ႈၼမ်ႉၸႂ်ႉ/ ၵ
188.png,ၵူၼ်းဝၢၼ်ႈၼႂ်းဢိူင်ႇဝၢၼ်ႈၸိင်း ဢၼ်ထူပ်းတၢင်းယၢပ်ႇၽိုတ်ႇလွင်ႈၼမ်ႉၸႂ်ႉ/ၵိၼ်ၼႆႉ ၵမ်
189.png,ယၢမ်းလဵဝ် ၽွင်းငဝ်းလၢႆးၵၢၼ် မိူင်းဢမ်ႇၼိမ်သဝ်းၼႆႉ ၸုမ်းယိပ်း ၵွင်ႈၵၢင်ႇ ၸၢဝ်းၶိူ
190.png,မိူဝ်ႈဝၼ်းတီႈ 11/8/2021 ၼၼ်ႉ ယူႇတီႈ သိုၵ်း  တင်း  ပဵၼ်ပၢင်တိုၵ်း ၵၼ်ႁၢဝ်
191.png,ယၢပ်ႇၽိုတ်ႇတႃႇၵူၼ်းဝၢၼ်ႈ လိူဝ်ႁႅင်းဝႃႈၼႆ။
192.png,ယၢမ်းလဵဝ် ၵမ်ႈၽွင်ႈဢွၼ်ၵၼ်ပွၵ်ႈမိူဝ်းၶိုၼ်း သေတႃႉ တီႈဝတ်ႉၵုင်းၵေႃႇတႄႉ တိုၵ်ႉၵို
193.png,- ၵူၼ်းပၢႆႈၽေးသိုၵ်း တီႈဝဵင်းၵျွၵ်ႉမႄး
194.png,"မိူဝ်ႈဝႃး ဝၼ်းတီႈ 17/8/2021 သိုၵ်း ,  တင်း  ပဵၼ်ပၢင်တိုၵ်းၵၼ် ႁၢဝ်ႈႁ"
195.png,ၵူၼ်းဝၢၼ်ႈ ပၢင်ၵွၼ် ၵေႃႉၼိုင်ႈ လၢတ်ႈတီႈၽူႈတွႆႇႁွၵ်ႈဝႃႈ -“မိူဝ်ႈဝႃး သဵင်ၵွင်ႈတႅၵ်
196.png,ၵူၼ်းဝၢၼ်ႈ ၺႃးၸၢၵ်ႇမၢၵ်ႇၸွမ်း တိူဝ်ႉၺႃးတီႈႁူဝ်မႃႇမၼ်းၸၢႆး လႆႈမၢတ်ႇၸဵပ်းဢိတ်း ဢွ
197.png,ယဝ်ႉၵေႃႈ ႁိူၼ်းၵူၼ်းဝၢၼ်ႈပၢင်ၵွၼ်မႂ်ႇသမ်ႉ တိူဝ်ႉၺႃးမၢၵ်ႇၵွင်ႈ 2 လင် ၼႆႉၶႃႈဢေႃႈ”
198.png,မိူဝ်ႈၼႆႉ ဝၼ်းတီႈ 18/8/2021 ယၢမ်းၵၢင်ၼႂ် မွၵ်ႈ 8 မူင်း ပၢင်တိုၵ်းတႄႇပဵၼ်ထႅင်ႈ တၢ
199.png,ယၢမ်းလဵဝ် ၼႂ်းၸႄႈဝဵင်းၵျွၵ်ႉမႄးၼႆႉ ၵူၼ်းပၢႆႈၽေးၸုပ်ႈၵဝ်ႇ ၸုပ်ႈမႂ်ႇ ႁူမ်ႈၵၼ် တင်း
200.png,ၽူႈၸွႆႈထႅမ် ၵူၼ်းပၢႆႈၽေးသိုၵ်း တီႈၵျွၵ်ႉမႄး ၵေႃႉၼိုင်ႈ လၢတ်ႈတီႈၽူႈတွႆႇႁွၵ်ႈဝႃႈ “
201.png,ၵူၼ်းပၢႆႈၽေးသိုၵ်း ၸုပ်ႈမႂ်ႇၼႆႉတႄႉ လူဝ်ႇတၢင်းၸွႆႈထႅမ် ၽႃႈႁူမ်ႇၶူဝ်းၼွၼ်း၊ သုတ်း
202.png,- ၵူၼ်းၼုမ်ႇၸုမ်းၸွႆႈထႅမ် မႃးပၼ်ပိုၼ်ႉႁူႉ ၵူၼ်းပၢႆႈၽေးသိုၵ်း တီႈဝဵင်းၵျွ
203.png,ၵူၼ်းပၢႆႈၽေးသိုၵ်း ဢၼ်ပၢႆႈမႃး တီႈႁူင်းႁဵၼ်းၸၼ်ႉသုင်ၵိင်ႇၽႄ မိူင်းတၢင်ႈ ႁူဝ်ၵူၼ်း
204.png,လိူဝ်ၼၼ်ႉ ၸိူဝ်းပၢႆႈၵႂႃႇသွၼ်ႈဝႆႉ ၸွမ်းႁိူၼ်းပီႈၼွင်ႉၽႂ်မၼ်း ၼႂ်းဝဵင်းသမ်ႉ တင်းမူ
205.png,ပဵၼ် ၵူၼ်းဝၢၼ်ႈပုင်းလူင် (ပုံးလုံ)၊ ၼမ်ႉမၢင်း( နမ့်မန်း) ၊ ၶိုမ်းမႂ်ႇ (ချုံးသစ်
206.png,ၼွၵ်ႈလိူဝ်ၼၼ်ႉ ၵူၼ်းၵဝ်ႇ ဢၼ်ပၢႆႈမႃးသွၼ်ႈဝႆႉတီႈ ၵိင်ႇၽႄဝဵင်းမိူင်းငေႃႉၼၼ်ႉသမ်ႉ တင
207.png,ၼႂ်း ၼၼ်ႉ မၢၼ်ႈဝဵင်း 42 ၵေႃႉ၊ မၢၼ်ႈပိုၼ်ႉ 100 ၵေႃႉ၊ ၵုၼ်ၵွၵ်ႇ 36 ၵေႃႉ၊ ၼမ်ႉသူၼ်
208.png,ကမ်းလင့်လက်များလူမှုကူညီရေးအသင်း အောင်ဓမ္မာရုံ နောင်ပိန်- ၸုမ်းၸွႆႈထႅမ်တ
209.png,လုၵ်ႈၸုမ်းပရႁိတ ၼမ်ႉၶူင်း ၵျွၵ်ႉမႄး ၵေႃႉၼိုင်ႈလၢတ်ႈတီႈၽူႈတွႆႇႁွၵ်ႈဝႃႈ “  ၵူၼ်းပဵ
210.png,ယွၼ်ႉဝႃႈၵူၼ်းတဵမ်ႁူင်းယႃ ယဝ်ႉဢေႃႈ။
211.png,ယၢမ်းလဵဝ် တီႈဝဵင်းၵျွၵ်ႉမႄးၼႆႉၵူၼ်းပဵၼ်ၶူဝ်ႊဝိတ်ႉၼမ်ႁႅင်းဢႃးလႃးလႄႈ မီးထိုင်လၢႆၵေ
212.png,ၶဝ်တေႁပ်ႉၵူၼ်းပဵၼ်လိူဝ်ႁႅင်း ၵူၺ်းယဝ်ႉၶႃႈ ” ဝႃႈၼႆ။
213.png,တေႃႇထိုင်ဝၼ်းတီႈ 13/8/2021 တႄႉတီၵျွၵ်ႉမႄး ၵူၼ်းၸပ်းတၢင်းပဵၼ်ၶူဝ်ႊဝိတ်ႉ မီး 600 ပ
214.png,ၵူၺ်းၵႃႈဝႆၢးၼႆႉမႃး ၶိူင်ႈထတ်းၶူဝ်ႊဝိတ်ႉႁႃယၢပ်ႇၼႃႇယဝ်ႉလႄႈ ဢမ်ႇႁူႉလႆႈတႅတ်ႈတေႃးယဝ်
215.png,“တၢင်းပဵၼ်ၼႆႉလၢမ်းၽႄႈထိုင် တၢင်းဝၢၼ်ႈၼွၵ်ႈၼႃးပၢင်ႇမူတ်းယဝ်ႉ။
216.png,ပွတ်းတၢင်းဝၢၼ်ႈၵျွႆးၵုင်း ၶူဝ်မုင်းၸိူဝ်းၼႆႉ ၵူၼ်းတၢႆယွၼ်ႉတၢင်းပဵၼ်မီးၼမ်ၼႃႇယဝ်
217.png,ဢၼ်လႆႈသုတ်ႇဢွၵ်ႊသီႊၵျိၼ်ႊ ၵေႃႈမီးၼမ်ၼႃႇ။
218.png,ဢၼ်တၢႆၼႆႉၵမ်ႈၼမ်ပဵၼ်ၵူၼ်းထဝ်ႈ ။
219.png,မၢင်ၵေႃႉယူတ်းယႃၶႅၼ်းသေလူင်းႁူင်းယႃမႃးယူႇႁိူၼ်း 2-3 ဝၼ်းသေတၢႆၵေႃႈမီး ” ၵူၼ်းဝၢၼ်
220.png,ဝၼ်းတီႈ 17/8/2021 ၼႆႉၼႂ်းဝဵင်းၵျွၵ်ႉမႄး ၵူၼ်းတိတ်းၸပ်းတၢင်းပဵၼ်ၶူဝ်ႊဝိတ်ႉသေ လူႉတ
221.png,မၢင်ဝၼ်း ဝၼ်းလဵဝ်လူႉတၢႆထိုင် 15 ၵေႃႉၵေႃႈမီး။
222.png,ၸွမ်းၼင်ႇၾၢႆႇပၢႆးယူႇလီၸႄႈဝဵင်းလၢတ်ႈတႄႉ တေႃႇထိုင်ယၢမ်းလဵဝ် တီႈဝဵင်းၵျွၵ်ႉမႄးၼႆႉၵ
223.png,ၵွပ်ႈၼႆလႄႈဢၼ်လူႉတၢႆၵေႃႈ မီးၵႃႈႁိုဝ်တႄႉတႄႉ ဢမ်ႇႁူႉလႆႈတႅတ်ႈတေႃး။
224.png,ဝၼ်းတီႈ 7 /8/2021 တိူင်းသိုၵ်းဝၼ်းဢွၵ်ႇၵၢင် ယလၶ ဢၼ်ပၵ်းလုမ်းတီႈ ၶူဝ်လမ် ႁွင်ႉဢဝ
225.png,ၸုမ်းသိုၵ်းပျီႇတူႉၸိတ်ႉ
226.png,“ပိူင်လူင်တႄႉ ယႃႇႁႂ်ႈၽႂ် ၽူႈလႂ် ၸုမ်းဢမ်ႇၵဵဝ်ႇၶွင်ႈၸိူဝ်းၼႆႉ လႆႈယိပ်းၵွင်ႈၵၢင်ႇ
227.png,ၵူၼ်းႁဵတ်းၵၢၼ်ပၢႆးမၢၵ်ႈမီးၵေႃႈလီ၊ ၶႄႇၵေႃႈလီ ယႃႇပၼ်ယိပ်းၵွင်ႈ၊ ယဝ်ႉၵေႃႈ ႁႂ်ႈသူင
228.png,ၵႅမ်ၽူႈၵွၼ်းတိူင်းၵေႃႉႁွင်ႉလၢတ်ႈ” ၽူႈမီးၸၼ်ႉၼႂ်းတပ်ႉၸုမ်းပျီႇတူႉၸိတ်ႉၵေႃႉၼိုင်ႈ
229.png,ၵႅမ်ၽူႈၵွၼ်းတိူင်းယင်းႁၢမ်ႈပႃးထႅင်ႈဝႃႈ ရူတ်ႉၵႃးဢမ်ႇမီးဝႂ်ၶွၼ်ႇ ဢၼ်ၸုမ်းပျီႇတူႉၸိ
230.png,“ဢၼ်ၼႄၵၢင်ၸႂ်တေႃႇသိုၵ်းယိုတ်းမိူင်းၼၼ်ႉတႄႉ ၼႂ်းမိူင်းတႆးဢမ်ႇမီးယဝ်ႉ။
231.png,ၵူၺ်းၵႃႈ ၸုမ်းယိပ်းၵွင်ႈၵၢင်ႇ ၼမ်ၼႃႇ။
232.png,ၼႂ်းၼမ်ႉၸၢင်ၼႆႉ လိူဝ်သိုၵ်းတႆး သိုၵ်းၵူၼ်းမိူင်းယဝ်ႉ ၸုမ်းသိုၵ်း  ဢေႃႈ ၸၢင်ႈ
233.png,ၵူၺ်းၵႃႈ သိုၵ်းယိုတ်းမိူင်း ႁွင်ႉဢဝ်ႁႅင်းပျီႇတူႉၸိတ်ႉ မႃးလွၵ်ႇငိုတ်ႈၸိူင်ႉၼႆသေတႃ
234.png,“သိုၵ်းယိုတ်းမိူင်း ႁွင်ႉဢဝ်ႁႅင်းပျီႇတူႉၸိတ်ႉသေ တေတိုၵ်းလိုပ်ႈလႆႈ ၸုမ်း  ႁို
235.png,ၵူၺ်းၵႃႈ ႁဝ်းၶႃႈၵေႃႈ တိုၼ်းတေႁဵတ်းၵႂႃႇၸွမ်းၶေႃႈယိူင်းၵၢၼ်းႁဝ်းလႄႈ ၶၵ်ႉၵၢၼ်ႁဝ်းၶ
236.png,ပေႃးပႃးပျီႇတူႉၸိတ်ႉမႃးၶဝ်ထၢင်ႇဝႃႈႁဝ်းတေတူၵ်းၸႂ်ၵူဝ်ႁႄ။
237.png,ႁဝ်းၶႃႈမႃးယိပ်းၵွင်ႈၵၢင်ႇတႃႇၽဵဝ်ႈမူၺ်ႉသိုၵ်းမၢၼ်ႈယိုတ်းမိူင်းလႄႈ တႃႇၽဵဝ်ႈမူၺ်ႉပ
238.png,ႁဝ်းၶႃႈတိုၼ်းတေတိုၵ်းတေႃးတေႃႇပေႃး ၸဝ်ႈဢႃႇၼႃႇသိုၵ်းပုတ်းပင်း ၊ တေႃႇပေႃးဢွင်ႇပေႉၸ
239.png,လွင်ႈၼႆႉ ၸုမ်းသိုၵ်းၵႅတ်ႇၶႄၵူၼ်းမိူင်း ဢၼ်ပၵ်းၼႂ်းၸိုင်ႈတႆးပွတ်းၸၢၼ်းၸုမ်းၼိုင်ႈ
240.png,တပ်ႉၸုမ်း 6 ပဢူဝ်း လွႆၶႄႇ ပၢင်လူင်၊ ၸုမ်းပျီႇတူႉၸိတ်ႉၼမ်ႉႁူးၽြႃးထမ်ႈ ၼမ်ႉၸၢင်-လ
241.png,ၼႂ်းၸႄႈတွၼ်ႈလွႆလႅမ်ၼႆႉ မီးၸုမ်းပျီႇတူႉၸိတ်ႉ 7 ၸုမ်း။
242.png,ၵႅမ်ၶုၼ်ၽွင်းလူင်ၾၢႆႇမိူင်းၼွၵ်ႈ ၶွင်ပရူႊၼၢႆႊၼၼ်ႉ ပဵၼ်တူဝ်တႅၼ်းၶို
243.png,ၶွင်ႇသီႇသိုၵ်းမၢၼ်ႈ ဢၼ်မိၼ်းဢွင်ႇလႅင်ႇဢွၼ်ႁူဝ်ၼႆႉ ႁုပ်ႈယိုတ်းပႅတ်ႈဢႃႇၼႃႇ ၸိုင်ႈမ
244.png,လွင်ႈၶဝ် လုၵ်ႉတီႈၶွင်ႇသီႇၽွင်းငမ်းၸိုင်ႈမိူင်း ပိၼ်ႇလႅၵ်ႈပဵၼ်မႃးလူင်ပွင်ၸိုင်ႈ ပ
245.png,ၵွၼ်ႇပႆႇပိၼ်ႇလႅၵ်ႈၸိူင်ႉၼၼ် ၶွင်ႇသီႇသိုၵ်းမၢၼ်ႈၼႆႉ ပူတ်းယႃႉပႅတ်ႈၽွၼ်းၵၢၼ်ပၢင်လိူ
246.png,ၸၵၸ ၶွင်ႇသီႇသိုၵ်းမၢၼ်ႈၼႆႉ ၼင်ႇႁိုဝ် တေၵုမ်းၵမ်လႆႈၵူၼ်းမိူင်း ယဝ်ႉၵေႃႈ ၼင်ႇႁိုဝ်
247.png,ၵူၺ်းၵႃႈ ႁၢၼ်ႉတေႃႇဝၼ်းမိူဝ်ႈလဵဝ် ပႆႇမီးၽႂ် ပႆႇမီးမိူင်းလႂ် မၵ်းမၼ်ႈ ၶဝ်ပဵၼ်လူင်
248.png,ႁဝ်းၶႃႈ တေတွင်းၵၼ်ယူႇ မိူဝ်ႈႁၢင်လိူၼ်ဢေႊၿရိူဝ်ႊၼၼ်ႉ မိၼ်းဢွင်ႇလႅင်ႇၵၢၼ်ႉၵူၵ်ႉၵႂႃ
249.png,(1) လွင်ႈၵေႃႇၵၢၼ်ႁၢႆႉ တင်းသဵင်ႈႁႂ်ႈၵိုတ်းယိုတ်းၵမ်းလဵဝ်၊ (2) ႁႂ်ႈႁူပ်ႉထူပ်းဢုပ်ႇ
250.png,ၵမ်းၼႆႉ ၸွမ်းၼင်ႇၶေႃႈတူၵ်းလူင်းၸိူဝ်းၼႆႉသေ မိူဝ်ႈၵျုၼ်ႊ 3 ဝၼ်းၼၼ်ႉ ၽူႈၼမ်းၼႂ်းလူ
251.png,.     ဢၼ်ပဵၼ်တူဝ်တႅၼ်းၶိုၵ်ႉတွၼ်းၶွင်ၸၢတ်ႈၸိုင်ႈလုမ်ႈ
252.png,ၵမ်းၼႆႉ ၼႂ်းၵႄႈၼၼ်ႉ .    ဢၼ်ပဵၼ်တူဝ်တႅၼ်းၶိုၵ်ႉတွၼ်းၶ
253.png,ၵူၺ်းၵႃႈ ပေႃးမႃးတူၺ်းငဝ်းလၢႆးၼႂ်းမိူင်းၼႆ ပၢင်တိုၵ်းၼႂ်းၵႄႈ  လႄႈ  ၶဝ်လႄႈတင
254.png,ၾၢႆႇၸၶၸ မိပ်ႇငႅၼ်းႁဵတ်းႁၢႆႉတေႃႇၵူၼ်းမိူင်းၼႆၵေႃႈ ၵွႆႈယူႇၵွႆႈႁၢဝ်ႈႁႅင်းမႃး ပူၼ်ႉ
255.png,ႁူဝ်ၼပ်ႉၵူၼ်းတၢႆ ၵူၼ်းပဵၼ်ၼႆႉ ပုင်ႈၶိုၼ်ႈပူၼ်ႉတၢင်ႉၵႂႃႇပႅတ်ႈ ၵူၼ်းမိူင်း ၼႆႉ ၸႂ
256.png,မိူၼ်ဝႃႈၸိုင်ႈမိူင်းၼႆႉ တေတႅၵ်ႇ လႅဝ်ၽႅဝ်ႉယဝ်ႉႁိုဝ်ၼႆ ထိုင်တီႈပေႃးလႆႈမႆႈၸႂ်တၢၼ်ႇ
257.png,ၵွပ်ႈပိူဝ်ႈၸိူင်ႉၼႆ တေသိုပ်ႇပွႆႇပဵၼ်ၸိူင်ႉၼၼ်ၵႂႃႇတိၵ်းတိၵ်း ငဝ်းလၢႆးမိူင်းမၢၼ်ႈၼ
258.png,ၾၢႆႇၼိုင်ႈၵေႃႈ ယူႇတီႈ  လႄႈ ၵူႈမိူင်းမိူင်း ၵေႃႈ မိပ်ႇငႅၼ်းဢႃးလႃးၼႃႇသေယဝ်ႉ ထို
259.png,ၼႆႉ ပိၵ်ႉသမ်ႉဝႃႈ မၼ်းယၢမ်ႈမႃးမိူင်းမၢၼ်ႈ မိူဝ်ႈလိူၼ်ၵျုၼ်ႊၼၼ်ႉ ပွၵ်
260.png,ၵမ်းၼႆႉ ယူႇတီႈၸၵၸ တႄႉ ပိၵ်ႉသမ်ႉဢမ်ႇလႆႈၸႂ်သေတႃႉ ၵႃႈလႆႈယွမ်းႁပ်ႉ   ယူႇ။
261.png,ၵွပ်ႈသင်ၼႆ သင် ၸိူဝ်ႉပဵၼ်လႆႈမၼ်းၶႂ်ႈလႆႈတူဝ်တႅၼ်း ဢၼ်လုၵ်ႉတီႈတၢင်းမိူင်းထႆးၼၼ်ႉ
262.png,ၵူၺ်ႈၵႃႈ ဢႃႊသီႊယၼ်ႊ တင်းမူတ်းဢမ်ႇယွမ်းႁပ်ႉလႄႈ ၸင်ႇတေပဵၼ်မႃး   ။
263.png,ပဵၼ်ႁိုဝ်ၵေႃႈယဝ်ႉ ဝၢႆးသေ မွပ်ႈၶၢၼ်းပဵၼ်တူဝ်တႅၼ်းယဝ်ႉဝၼ်းၼိုင်ႈၵူၺ်း
264.png,လႆႈႁၼ်ဢႃႊသီႊယၼ်ႊ ယုၵ်ႉတၢင်ႇ   ပဵၼ်မႃးတူဝ်တႅၼ်းၼႆႉ ယူႇတီႈ  လူင်ပွင်
265.png,ၵူၺ်းၵႃႈ မုၵ်ႉၸုမ်းၵၢၼ်ၵူၼ်းၾၢႆႇမိူင်း ဢၼ်ၸိူဝ်းပဵၼ်  မီးမွၵ်ႈ ၸုမ်းမၼ်း 400
266.png,ယွၼ်ႉပိူဝ်ႈဢႃႊသီႊယၼ်ႊ ဢမ်ႇဢဝ်ၶေႃႈၵႂၢမ်းၵၢင်ၸႂ် တီႈ  သေ ႁဵတ်းၵႂႃႇၾၢႆႇလဵဝ်ၵူၺ်
267.png,ပေႃးတေမႃးတူၺ်းၵူၼ်း ၵၢၼ်မိူင်းၸိူဝ်းဢၼ်ပႂ်ႉတူၺ်းငဝ်းလၢႆးၵၢၼ်မိူင်း မိူင်းမၢၼ်ႈယူ
268.png,ပဵၼ်ႁိုဝ်ပဵၼ် ဢမ်ႇပေႃးႁိုင်သင် မိတ်ႊသတိူဝ်ႊ  ၼႆႉ တေပဵၼ်မႃးတူဝ် တႅၼ်းၶိုၵ်ႉတ
269.png,ၵမ်းၼႆႉ ပေႃးမၼ်းမႃးၼႆ ၸင်ႇတေလႆႈႁူပ်ႉၵူၼ်းၵူႈပႃႈၾၢႆႇသေ ၶိုင်ပွင်ပဵၼ်လႆႈပၢင်ဢုပ်ႇ
270.png,ယူႇတီႈႁဝ်းၶႃႈတႄႉ ဢမ်ႇမီးတၢင်းမုင်ႈမွင်း ။
271.png,ၵွပ်ႈသင်လႃႇ မၼ်းၵေႃႈ တေမီးလွင်ႈတၢင်းမၼ်း 2-3 ၶေႃႈ
272.png,ၾၢႆႇ ၸၵၸ ၶွင်ႇသီႇသိုၵ်းမၢၼ်ႈၶဝ်ၼႆႉ ၶဝ်မီးဝႆႉၶေႃႈယိူင်းဢၢၼ်းႁင်းၵူၺ်းၶဝ် ၶဝ်မီးဝႆ
273.png,ယူႇတီႈၵူၼ်းမိူင်း တႃႇတေယွမ်းႁပ်ႉႁၼ်လီၸွမ်း တေပႆႇငၢႆႈ ၵွပ်ႈပိူဝ်ႈလႆႈၸဵပ်းၸၢၼ်ႈၼႃႇ
274.png,ပေႃးတူၺ်းတူဝ်တႅၼ်းၶိုၵ်ႉတွၼ်းဢႃႊသီႊယၼ်ႊၼႆ မၼ်းဢမ်ႇပေႃးမီးဢေႃးၸႃႇ တႃႇတေသုမ်ႇငုမ်း
275.png,ဢိင်ၼိူဝ် ၶေႃႈမုလ်းသၢမ်ၶေႃႈၼႆႉသေယဝ်ႉသင်ၸိူဝ်ႉဝႃႈ ၶႂ်ႈႁႂ်ႈႁႅင်းၵူႈမိူင်းမိူင်းမိပ
276.png,ၼႆႉၵေႃႈ သမ်ႉတေဢမ်ႇသၢင်ႇထုၵ်ႇ ပၢင်လဵၼ်ႈၵၢၼ်မိူင်းဢၼ်ၼႆႉ ၽိူဝ်ႇတေပဵၼ် လွင်ႈပိၼ်ႇပၢ
277.png,ယဝ်ႉၵေႃႈ တေပဵၼ်ပိူဝ်ႈတႃႇၼႄၼႃႈတေႃႇ ၵူႈ မိူင်းမိူင်း လွင်ႈဝႃႈၶဝ်ၵေႃႈမီးၸႂ်ၽႃႇၵၢင်
278.png,ထႅင်ႈၶေႃႈၼိုင်ႈၵေႃႈ ၵူၼ်းမိူင်းတေယွမ်းႁပ်ႉဢၼ်ဝႃႈ ပၢင်လဵၼ်ႈၵၢၼ်မိူင်းဢၼ်ၸၵၶၶဝ် ၽၼ
279.png,ၵမ်းၼႆႉ ယူႇတီႈၵူၼ်းမိူင်း ဢမ်ႇႁပ်ႉၵူၺ်းဢမ်ႇၵႃး ၵူပ်ႉၽူႈတႃႇၶဝ်ႈလဵၼ်ႈၸွမ်းၵၢၼ်မိူင
280.png,တီႈၼႆႈတေမီးမႃး ၶေႃႈထၢမ်ဢၼ်ၼိုင်ႈ တေႃႈၼင်ႇ  လူင်ပွင်ၸိုင်ႈၽွမ်ႉႁူမ်ႈ ၸၢဝ်းၶိူဝ
281.png,ႁဝ်းႁၼ်ထိုင်ဝႃႈ  ႁပ်ႉႁွင်းႁၼ်လီတီႈမိတ်ႊသတိူဝ်ႊ  မၼ်းပဵၼ်ၽူႈတူဝ်တႅၼ်းၶိုၵ
282.png,ၶႂ်ႈၼႄဝႃႈ  ၵေႃႈ ၸႂ်ႉတိုဝ်းလၢႆးတၢင်းၵၢၼ်မိူင်း ဢဝ်လၢႆးၵၢၼ်မိူင်း ၵႄႈလိတ်ႈၵၢၼ်
283.png,ၵမ်းၼႆႉ တိူၵ်ႈတီႈမၼ်းမႃးဝႃႈဢမ်ႇဢုပ်ႇဢမ်ႇပဵၼ်ယဝ်ႉ တေဢုပ်ႇတႄႉယဝ်ႉ ၼႆၵေႃႈ ယူႇတီႈၸၵၸ
284.png,ၵမ်းလိုၼ်းသုတ်း ႁဝ်းၶႃႈလႆႈငိၼ်းၶၢဝ်ႇဝႃႈ ယူႇတီႈမိတ်ႊသတိူဝ်ႊ  ၵေႃႈ သမ်ႉၶိုၼ်း
285.png,ပေႃးႁဝ်းၶႃႈ မႃးႁုပ်ႈတူၺ်း ငဝ်းလၢႆးတင်းသဵင်ႈသေ ထတ်းသၢင်တႄႉ ယူႇတီႈမိတ်ႊသတိူဝ်ႊ
286.png,မႂ်ႇသုင်ၶႃႈ
287.png,ယၢမ်းလဵဝ် ၵူၼ်းပၢႆႈၽေးသိုၵ်း တီႈဝဵင်းၼမ်ႉလၼ်ႈ ႁူဝ်ၵူၼ်း 500 ပၢႆ ထူပ်းတၢင်းယၢပ်ႇၽ
288.png,ႁိုၼ်း ၵႃယၢင်း
289.png,/ ၵူၼ်းပၢႆႈၽေးသိုၵ်း တီႈၼမ်ႉလၼ်ႈ
290.png,ၵူၼ်းပၢႆႈၽေးသိုၵ်း ဢၼ်မႃးသွၼ်ႈဝႆႉတီႈဝတ်ႉၵုင်းၵေႃႇ ဝဵင်းၼမ်ႉလၼ်ႈ ၸႄႈဝဵင်းသီႇပေႃႉ
291.png,ၽူႈတူင်ႉၼိုင် ၼႂ်းတူင်ႇဝူင်းၵူၼ်း ဝဵင်းၼမ်ႉလၼ်ႈ ၵေႃႉၼိုင်ႈ လၢတ်ႈတီႈၽူႈတွႆႇႁွၵ်ႈဝ
292.png,လွင်ႈၼမ်ႉၸႂ်ႉ/ ၼမ်ႉၵိၼ်သမ်ႉ ယၢပ်ႇၽိုတ်ႇလိူဝ်ႁႅင်း ၶႃႈဢေႃႈ။
293.png,ၼမ်ႉ ဢမ်ႇတဵမ်ထူၼ်ႈ သမ်ႉလႆႈၵႂႃႇတဵၵ်း ၵႆ ၸွမ်းႁိမ်းႁွမ်းၸိူဝ်းၼၼ်ႉ ပၢင်တိုၵ်းၵေႃႈ
294.png,ၵူၼ်းပၢႆႈၽေးသိုၵ်း ႁူဝ်ၵူၼ်း 500 ပၢႆ ဢၼ်ပၢႆႈမႃးသွၼ်ႈဝႆႉတီႈဝတ်ႉၵုင်းၵေႃႇၼႆႉ လႆႈဢွ
295.png,“ပၢင်တိုၵ်းတႄႉ မိူဝ်ႈဝႃးတင်းမိူဝ်ႈၼႆႉ ယဵၼ်လူင်းဝႆႉၶႃႈဢေႃႈ မၼ်းပဵၼ်သိုၵ်းၶူဝ်းၶဵဝ
296.png,ႁဝ်းတေႃႇႁဝ်း ယိုဝ်း ၵၼ်ၵူၺ်းၶႃႈ ၶဝ်ၸၢမ်းႁႅင်းၵၼ်ၶႃႈဝႃႇ။
297.png,ၵူၺ်းၵႃႈ ၵူၼ်းပၢႆႈၽေးသိုၵ်းတႄႉ လႆႈပၢႆႈမႃး မွၵ်ႈဝၼ်းတီႈ 10 ၼၼ်ႉ တေႃႇထိုင် ယၢမ်းလ
298.png,ၵူၼ်းဝၢၼ်ႈ ဢၼ်ပၢႆႈမႃးသွၼ်ႈဝႆႉ တီႈဝတ်ႉၵုင်းၵေႃႇၼႆႉ ပဵၼ်ၵူၼ်းဝၢၼ်ႈၵုင်း လင်ႁိူၼ်း
299.png,ထႅင်ႈၾၢႆႇၼိုင်ႈၵေႃႈ ယၢမ်းလဵဝ်ၼႆႉ တၢင်းပဵၼ်ၶူဝ်ႊဝိတ်ႉ 19 ၵေႃႈ တိုၵ်ႉၽႄႈလၢမ်း ႁၢဝ်
300.png,ပေႃးလႆႈပၼ်ၾၢင်ႉ ၶဝ်ယူႇတႃႇသေႇဢေႃႈၼၼ်ႉ၊ ပေႃးမီးၵူၼ်းတိတ်းၸပ်းသေၵေႃႉၼိုင်ႈတႄႉ ပႃးၵ
301.png,“တီႈၵူၼ်းပၢႆႈၽေးသိုၵ်း ၼၼ်ႉ သမ်ႉမီးၵူၼ်းၶဝ်ႈၶဝ်ႈဢွၵ်ႇဢွၵ်ႇ။
302.png,ယွၼ်ႉတၢင်းပဵၼ်ၶူဝ်ႊဝိတ်ႉ 19 ၼႆႉၵေႃႈ ပိူင်ၼိုင်ႈ ၵူၼ်းမိူင်းၵူၼ်းပၢႆႈၽေး လႆႈၵူဝ်ၵ
303.png,/ ၵဵတ်ႉၵူတ်ႇထတ်း တၢင်းပဵၼ်ၶူဝ်ႊဝိတ်ႉ 19 ၼႂ်းမိူင်းတႆး
304.png,တၢင်းပဵၼ်ၶူဝ်ႊဝိတ်ႉ 19 ပွၵ်ႈၵမ်းသၢမ် ဢၼ်ၽႄႈလၢမ်းႁၢဝ်ႈႁႅင်း ၼႂ်းမိူင်းႁူမ်ႈတုမ်ၼႆ
305.png,ၵူၼ်း လႃႈသဵဝ်ႈ ၵေႃႉၼိုင်ႈ လၢတ်ႈတီႈၽူႈတွႆႇႁွၵ်ႈဝႃႈ -“ၵဵတ်ႉၵူတ်ႇထတ်း တၢင်းပဵၼ်ၼႆႉ
306.png,ၸွမ်းၼႂ်းပွၵ်ႉၼႂ်းၵိဝ်ႇ ၸိူဝ်းၼႆႉၵေႃႈ ၶဝ်မႃးပႂ်ႉ။
307.png,သင်ဝႃႈ ၵူၼ်းပွၵ်ႉၼႆႉ တေၵႂႃႇပွၵ်ႉပုၼ်ႉ ၶၢမ်ႈပွၵ်ႉမၼ်းၵူၺ်းၵေႃႈ ၶဝ်ပေႃးယွၼ်းငိုၼ်
308.png,ပႃးတင်းၵွင်ႈ ၶႃႈ ဢေႃႈ သိုၵ်းၸိူဝ်းၼၼ်ႉ”- ဝႃႈၼႆ။
309.png,ဢိင်ၼိူဝ် သိုၵ်းမၢၼ်ႈ ယိုတ်းမိူင်း ပႃးၵွင်ႈ ပႂ်ႉတူၺ်း/ ၵူတ်ႇထတ်းထဵတ်ႈထၢမ်ၵူၼ်းမိ
310.png,ၵူၼ်း ပၢင်လူင် ၵေႃႉၼိုင်ႈ လၢတ်ႈတီႈၽူႈတွႆႇႁွၵ်ႈဝႃႈ “တီႈတၢင်းပၢင်လူင်ၼႆႉ ၶဝ်ပႂ်ႉတီ
311.png,ႁဵတ်းႁႂ်ႈၵူၼ်းမိူင်းၵႂႃႇမႃးဢမ်ႇငၢႆႈလူမ်မိူၼ်မိူဝ်ႈၵူႈပွၵ်ႈၼၼ်ႉၶႃႈၼႃႇ။
312.png,ၽႂ်ၽႂ်ႁၼ်ၶဝ်ၵေႃႈတေ တူၵ်းၸႂ်သေယဝ်ႉ တၢၼ်ႇတၢၼ်ႇ မၼ်းၵေႃႈဢမ်ႇၶႂ်ႈလတ်း ဢမ်ႇၶႂ်ႈၵႂႃႇ
313.png,ဢမ်ႇလွတ်ႈလႅဝ်းယဝ်ႉၶႃႈၼႃ ”- ဝႃႈၼႆ။
314.png,မိူဝ်ႈပၢၼ် လူင်ပွင်ၸိုင်ႈ ၼူၵ်ႉယုင်း  ၼၼ်ႉ ၸွမ်းၵဵတ်ႉၵူတ်ႇထတ်း ၶဝ်ႈဝဵင်းၸိူဝ်
315.png,ယၢမ်းလဵဝ်တႄႉၵိုတ်းသိုၵ်းမၢၼ်ႈၵူၺ်း ။
316.png,“မိူဝ်ႈၵူႈပွၵ်ႈၼၼ်ႉတႄႉ ပဵၼ်ၸုမ်းပရႁိတ ပႂ်ႉၶႃႈဢေႃႈ ။
317.png,တေႃႈလဵဝ်သမ်ႉ ပဵၼ် သိုၵ်း မၢၼ်ႈပႂ်ႉ ။
318.png,ၶဝ်ႁဵတ်းႁိုဝ် ၵူတ်ႇထတ်းတႄႉ ဢမ်ႇႁူႉ။
319.png,လွင်ႈၵႂႃႇမႃးတႄႉ မိူၼ်ၵဝ်ႇၵူၺ်း ၵႂႃႇမႃးလႆႈယူႇ”- ၸုမ်းပရႁိတ ဝဵင်းတူၼ်ႈတီး ၵေႃႉၼို
320.png,မိူဝ်ႈတၢင်းပဵၼ်ၶူဝ်ႊဝိတ်ႉ 19 ပွၵ်ႈၵမ်းသွင်ၼၼ်ႉတႄႉ ၵူၼ်းမိူင်းတေၶၢမ်ႈၵႂႃႇ ပွၵ်ႉၼိ
321.png,- ပႃႇတီႇမႂ်ႇသုင်ၸိုင်ႈတႆးၸတ်းႁဵတ်းဝၼ်းၵေႃႇတင်ႈ    50 ပီတဵမ်
322.png,မိူဝ်ႈၼႆႉ ဝၼ်းတီႈ 16/8/2021 ယၢမ်းၵၢင်ၼႂ် 8 မူင်း ထိုင် 10 မူင်းၵၢင်ၼႂ် ၶၢဝ်းတၢင်
323.png,ၸဝ်ႈႁၢၼ် ၸၢႆးၽူင်းႁၢၼ် ၽူႈၶၢၼ်ပၢၵ်ႇ  လၢတ်ႈတီႈၽူႈတွႆႇႁွၵ်ႈဝႃႈ “ပႃႇတီႇမႂ်ႇသုင်
324.png,ၵွပ်ႈၼၼ်လႄႈ တွၼ်ႈၵၢၼ်ပႃႇတီႇၼႆႉ မၼ်းလမ်ႇလွင်ႈလႄႈ ႁဝ်းၶႃႈလူဝ်ႇလႆႈယုၵ်ႉမုၼ်း ႁႂ်ႈပ
325.png,သိုပ်ႇလၢတ်ႈထႅင်ႈဝႃႈ “ပေႃးႁဝ်းဢမ်ႇမီးပႃႇတီႇဢၼ်ဝႃႈၼၼ်ႉ မိူၼ်ၸိူင်ႉၼင်ႇပဵတ်ႈ ဢၼ်ဢမ်
326.png,ယၢမ်းလဵဝ်သမ်ႉ ပဵၼ်ၶၢဝ်းတၢင်းပဵၼ်ၶူဝ်ႊဝိတ်ႉ 19 ၽႄႈလၢမ်းဝႆႉၵေႃႈပိူင်ၼိုင်ႈသေ တႃႇမွ
327.png,မွၵ်ႇထိုင်ၵူၼ်းမိူင်း ၸိူဝ်းယူႇႁိမ်းထုင်ႉငဝ်ႈငုၼ်း ဝၢၼ်ႈႁႆးလႄႈ ၵူၼ်းသိုၵ်း ၸိူဝ
328.png,ၼႂ်းပၢင်ၵႅဝ်ႈမၢႆတွင်း ဝၼ်းၵိူတ်ႇ ပႃႇတီႇမႂ်ႇသုင်ၸိုင်ႈတႆး ၶွပ်ႈၶူပ်ႇ 50 ပီတဵမ် ပီ
329.png,ပႃႇတီႇမႂ်ႇသုင်ၸိုင်ႈတႆး/ တပ်ႉသိုၵ်းၸိုင်ႈတႆး / ၼႆႉ လႆႈၵေႃႇတင်ႈၶိုၼ်ႈမႃး မ
330.png,- မႄႈၼမ်ႉယႂ်ႇလူင်ၼႂ်းၸႄႈဝဵင်းမိူင်းယႆ ၼွင်းထူမ်ႈတူင်ႈၼႃးၵူၼ်းမိူင်းလူႉသု
331.png,ၾူၼ်တူၵ်းထပ်းၵၼ် လၢႆဝၼ်း ထိုင်မႃး မိူဝ်ႈၼႆႉ ဝၼ်းတီႈ 16/8/2021 ယၢမ်းၵၢင်ၼႂ် ၼမ်ႉယ
332.png,ၸၢႆးယွတ်ႈသႅင်မိူင်း ဝၢၼ်ႈၼႃးၶူဝ် ဝဵင်းမိူင်းယႆ လၢတ်ႈတီႈၽူႈတွႆႇႁွၵ်ႈဝႃႈ “ပေႃးဢဝ်
333.png,ဢၼ် ဢမ်ႇမုင်ႈႁၼ်ထႅင်ႈၵေႃႈ တေမီးထႅင်ႈတင်းၼမ်ၶႃႈဢေႃႈ”- ဝႃႈၼႆ။
334.png,ၼႂ်းၸႄႈဝဵင်းမိူင်းယႆၼႆႉ လိူဝ်သေ ၼမ်ႉယႆ ၼမ်ႉၼႃးၶူဝ် ၼမ်ႉလွင်း ဢၼ်ယူႇႁိမ်းဝဵင်းယဝ်
335.png,လုင်းၸရေးမွင်ႇ ပွၵ်ႉ 1 ၸႄႈဝဵင်းမိူင်းယႆ လၢတ်ႈတီႈၽူႈတွႆႇႁွၵ်ႈဝႃႈ “ၼႂ်းဝဵင်းမိူင်း
336.png,ဢွင်ႈတီႈၼမ်ႉ ၼွင်းၸိူဝ်းၼၼ်ႉတႄႉ တေပဵၼ်ၸိူဝ်းၸမ်ၶျွင်းၼမ်ႉၸိူဝ်းၼၼ်ႉ ထူမ်ႈလူင်းၵ
337.png,ၼႂ်းၸႄႈဝဵင်းမိူင်းယႆၼႆႉ တႄႇဢဝ် ဝၼ်းတီႈ 13/8/2021 မႃးတေႃႇထိုင်မိူဝ်ႈၼႆႉ ဝၼ်းတီႈ 1
338.png,တီႈမိူင်းယႆၼႆႉ ၸပဵၼ်ႁွင်ႈၼမ်ႉ ၵႄးၼမ်ႉၸိူဝ်းၼႆႉ ထူမ်ႈၵူႈတီႈၶႃႈယဝ်ႉ”- ဝႃႈၼႆ။
339.png,ၼမ်ႉထူမ်ႈပွၵ်ႈၼႆႉ ၸဝ်ႈၼႃး ဢၼ်လူႉသုမ်းႁၢဝ်ႈႁႅင်း တေမီးယူႇမွၵ်ႈ 15 ၸဝ်ႈ ၼႃးဢၼ်လႆႈ
340.png,ၸၢႆးယွတ်ႈသႅင်မိူင်း ဝၢၼ်ႈၼႃးၶူဝ် သိုပ်ႇလၢတ်ႈထႅင်ႈဝႃႈ “ပေႃးမႃးတူၺ်းတႄႉတႄႉၼႆ ၼႃးၼႆ
341.png,ၵမ်းၼႆႉ သမ်ႉမႃးပဵၼ်ၼမ်ႉ ၼွင်းၼႆႉသေ တႃႇတေၶိုၼ်းႁဵတ်းၼႆၵေႃႈ မၼ်းတေမီးလွင်ႈယၢပ်ႇၽိ
342.png,ၼမ်ႉလုပ်ႇၼွင်းထူမ်ႈ တီႈမိူင်းယႆ ပီၼႆႉ လႆႈဝႃႈႁၢဝ်ႈႁႅင်းလိူဝ်ၵူႈပီ ပေႃးမႃးတူၺ်း ထူ
343.png,လိူဝ်ၼၼ်ႉ ၵူၼ်းဝၢၼ်ႈၼႃးၶူဝ်၊ ၼႃးၵေ၊ ႁူၺ်ႈလွတ်ႇလႄႈ လၢႆလၢႆဝၢၼ်ႈၵေႃႈ ဢမ်ႇၸၢင်ႈၵႂႃႇ
344.png,-ၵၢၼ်ၵေႃႇသၢင်ႈၾၢႆတၢတ်ႇမွၵ်ႇ ၵဵင်းတွင်း (အထက်ကျိုင်းတောင်း)
345.png,ၽူႈတူင်ႉၼိုင် ၼႂ်းတူင်ႇဝူင်းၵူၼ်း ၸုမ်းပရႁိတ ဝဵင်းၵဵင်းတွင်း ၵေႃႉၼိုင်ႈ လၢတ်ႈတီႈ
346.png,တီႈၼႂ်းၶဝ်ၼၼ်ႉၵေႃႈ ယၢမ်းလဵဝ် ပဵၼ်ၼမ်ဝႆႉၶႃႈဢေႃႈ သဵၼ်ႈမၢႆမၼ်းတေမီး မွၵ်ႈ 40 ပၢႆၼႆ
347.png,တီႈၵဵင်းတွင်းၼႆႉ ၵူၼ်းပဵၼ်ၶူဝ်ႊဝိတ်ႉလူႉတၢႆၵႂႃႇယဝ်ႉ 5 ၵေႃႉ ”- ဝႃႈၼႆ။
348.png,ၵူၼ်းတိတ်းၸပ်းၶူဝ်ႊဝိတ်ႉ 19 တင်းမူတ်း 80 ၵေႃႉ တီႈဝဵင်းၵဵင်းတွင်းၼႆႉ တႃႇမွၵ်ႈၶိုင
349.png,တႃႇၶိုင်ႈၼိုင်ႈ ပဵၼ်ၵူၼ်းၼႂ်းဝဵင်း ၊ လႆႈထုၵ်ႇၵၵ်းတူဝ် ယူတ်းယႃဝႆႉတီႈႁူင်းယႃ ။
350.png,ဢိင်ၼိူဝ် တၢင်းပဵၼ်ၶူဝ်ႊဝိတ်ႉ 19 ၼႆႉသေ တီႈဝဵင်းၵဵင်းတွင်းၼႆႉ လွင်ႈၶူဝ်းၵုၼ်ႇ ၶွင
351.png,“တၢင်းယၢပ်ႇၽိုတ်ႇ တီႈၵဵင်းတွင်း ယၢမ်းလဵဝ်ၼႆႉ ၵႃႈၶၼ်ၵုၼ်ႇၶိုၼ်ႈႁႅင်းၶႃႈဢေႃႈ။
352.png,ၵႃးတၢင်ႇၵုၼ်ႇၵေႃႈ ဢမ်ႇ ႁတ်းၶဝ်ႈၼႂ်းဝဵင်း ဢမ်ႇၸၢင်ႈဢဝ် ၶူဝ်းၵုၼ်ႇမႃးသူင်ႇ ။
353.png,ပေႃးဢမ်ႇမီးလွင်ႈယႂ်ႇႁႅင်းဢႃးလႃးတႄႉ ဢမ်ႇပၼ် ၵႃး တၢင်းၼွၵ်ႈၶဝ်ႈဝဵင်းၶႃႈ”- ၽူႈတူင်
354.png,ယၢမ်းလဵဝ် တီႈဝဵင်းၵဵင်းတွင်းတႄႉ ႁၢမ်ႈရူတ်ႉၵႃး ၵူၼ်းတၢင်းၼွၵ်ႈၶဝ်ႈ ၵူၼ်းၼႂ်းၵဵင်း
355.png,သင်ဝႃႈၶၢမ်ႈၶိုၼ်းသေ ၸင်ႇပွၵ်ႈမႃး တေလႆႈၵၵ်းတူဝ်ဝႆႉ တႃႇၶၢဝ်းတၢင်း 14 ဝၼ်း ၽူႈတူင်
356.png,- ဢွင်ႈၵၵ်းတူဝ်    တီႈၵဵင်းတုင်
357.png,မိူဝ်ႈၼႆႉ ဝၼ်းတီႈ 16/8/2021 ယၢမ်းၵၢင်ၼႂ် ၼႂ်းၸႄႈဝဵင်းၵဵင်းတုင် ၸိုင်ႈတႆးပွတ်းဢွၵ
358.png,ၽူႈတူင်ႉၼိုင် ၼႂ်းတူင်ႇဝူင်းၵူၼ်း ၸႄႈဝဵင်းၵဵင်းတုင် ၵေႃႉၼိုင်ႈ လၢတ်ႈတီႈၽူႈတွႆႇႁွ
359.png,ယၢမ်းလဵဝ် ၵူၼ်းတၢႆ ယွၼ်ႉၶူဝ်ႊဝိတ်ႉတီႈၵဵင်းတုင် တင်းမူတ်းမီးၵႂႃႇ 7 ၵေႃႉယဝ်ႉ ။
360.png,တင်းမူတ်း ႁူမ်ႈၵၼ် မီး 7 ၵေႃႉ ။
361.png,ၵွပ်ႈၼႆလႄႈ ဝၼ်းတီႈ 15/8/2021 ၼႆႉၵူၼ်းတိတ်းၸပ်း ၸိူဝ်ႉမႅင်းၶူဝ်ႊဝိတ်ႉ 19 တီႈၵဵင်း
362.png,ၵူၼ်းပဵၼ်သမ်ႉၵူတ်ႇထတ်းႁၼ်ထႅင်ႈ 20 ၵေႃႉ ”- ဝႃႈၼႆ။
363.png,“တီႈၵဵင်းတုင်ၼႆႉ ၶႂ်ႈဝႃႈယဵၼ်သီႇယဝ်ႉၶႃႈ မိူဝ်ႈၼႆႉတႄႉ ဢမ်ႇပေႃးမီးၵူၼ်းဢွၵ်ႇ ၼွၵ်ႈႁ
364.png,ဢၼ်ဢွၵ်ႇႁိူၼ်းယေးတႄႉ ၵမ်ႈၼမ် ပဵၼ်ၵူၼ်း ႁဵတ်းၵၢၼ် ၸိူဝ်းႁႃၸဝ်ႉၵိၼ်ၶမ်ႈ ပေႃးဢမ်ႇႁ
365.png,ဢၼ် ယူႇတီႈ ၾၢႆႇပၢႆးယူႇလီၶဝ် လူင်းလၢတ်ႈၸွမ်း ၼႂ်းၵိဝ်ႇ/ပွၵ်ႉၼၼ်ႉတႄႉ ဢမ်ႇမီး ယွၼ်
366.png,ဝၢႆးသေ ၶွင်ႇသီႇသိုၵ်းမၢၼ်ႈ ယိုတ်းမိူင်း တၢင်းပဵၼ်ၶူဝ်ႊဝိတ်ႉ 19 ၽႄႈလၢမ်းၶိုၼ်းႁၢဝ
367.png,ၵူၼ်းမိူင်းယၢပ်ႇၸႂ်ႁႅင်း ။
368.png,“တီႈၵဵင်းတုင်ၼႆႉ လႆႈမႆႈတႄႉၶႃႈဢေႃႈ ၵွပ်ႈသင်ၼႆ မဢလ ၶွင်ႇသီႇသိုၵ်းမၢၼ်ႈၼႆႉ ၶဝ်ဢမ်ႇမ
369.png,မၼ်းဢမ်ႇငၢႆႈငၢႆႈၶႃႈ။
370.png,မၼ်းဢမ်ႇမိူၼ်ဢွင်ႇသၢၼ်းသူႉၵျီႇ ။
371.png,ၼၢႆးၼၼ်ႉ မၼ်းသမ်ႉၶဝ်ႈဢွၵ်ႇမိုတ်ႈၵိုဝ်းၸမ်ၸႂ်တင်းၼွၵ်ႈမိူင်းလႄႈ မၼ်းၵေႃႈလႆႈ တၢင်
372.png,ပၢၼ်သိုၵ်းၼႆႉတႄႉ တေလႆႈဝႃႈ ၵူၼ်းမိူင်းႁဝ်းၶႃႈ ဢဝ်တူဝ်ၽႂ်တူဝ်မၼ်း လွတ်ႈၵူၺ်းယဝ်ႉ
373.png,ၸုမ်းၵူၼ်းမိူင်းၸွႆႈၵၼ်ၵေႃႈဢမ်ႇမီး။
374.png,”- ၽူႈတူင်ႉၼိုင် ၼႂ်းတူင်ႇဝူင်းၵူၼ်း ၵဵင်းတုင် ထတ်း သၢင် လၢတ်ႈၼႄၼင်ႇၼႆ။
375.png,တွၼ်ႈတႃႇ တၢင်းပဵၼ်ၶူဝ်ႊဝိတ်ႉ 19 ပေႃးတေဢမ်ႇၽႄႈလၢမ်းႁၢဝ်ႈႁႅင်း ပေႃးတေ ၵုမ်းၵမ် ၵႅတ
376.png,က​လေးအထူးကုဆရာဝန် ​ဒေါက်တာ​ကျော်စွာမြင့် လုၵ်ႈဢွၼ်ႇလဵၵ်ႉ ဢၼ်တိတ်းၸပ
377.png,တီႈတႃႈၶီႈလဵၵ်းၼႆႉ လုၵ်ႈဢွၼ်ႇဢႃယုလဵၵ်ႉသုတ်းဢၼ်တိတ်းၸပ်းတၢင်းပဵၼ်ၶူဝ်ႊဝိတ်ႉ 19 ပဵၼ
378.png,ယူတ်းယႃတူဝ်တီႈႁူင်းယႃ တႃႈၶီႈလဵၵ်းတႄႇမိူဝ်ႈဝၼ်းတီႈ 2/8/2021 ။
379.png,ယၢမ်းလဵဝ်တႄႉၶႅၼ်းၸိုၼ်ႈယူႇလီယဝ်ႉလႄႈ လႆႈလူင်းႁူင်းယႃ ပွၵ်ႈၶိုၼ်းႁိူၼ်းယဝ်ႉ မေႃယႃ
380.png,“ၵူၼ်းပဵၼ်တၢင်းပဵၼ်ၼမ်ၼႃႇၶႃႈတီႈတႃႈၶီႈလဵၵ်းၼႆႉ။
381.png,ပေႃးဢမ်ႇပဵၼ်ၶူဝ်ႊဝိတ်ႉသမ်ႉ ပေႃးၶႂ်ႈဝႃႈဢမ်ႇၶိုတ်းၵၢပ်ႈၶိုၼ်းပၢၼ်ၼႆၼၼ်ႉၶႃႈၼေႈ။
382.png,လုၵ်ႈဢွၼ်ႇလဵၵ်ႉတေႃႇၵူၼ်းထဝ်ႈ ပဵၼ်ၵူႈသႅၼ်း။
383.png,ၵူၼ်းၵေႃႈ ၵႂႃႇမႃးႁႃၵိၼ်ၵၼ်ယူႇၸိူင်ႉၼၼ်။
384.png,ဢမ်ႇၸၢင်ႈႁဵတ်းႁိုဝ်ၶႃႈလူးၼေႃ ။
385.png,ၶူဝ်ႊဝိတ်ႉမႃးပွၵ်ႈၼႆႉ ဢမ်ႇမီးၽႂ်  ၵမ်ႉၸွႆႈၵၼ် ၼၼ်ႉယဝ်ႉၶႃႈ ။
386.png,ယွၼ်ႉပိူဝ်ႈငဝ်းလၢႆးၵၢၼ်မိူင်းၶႃႈၼႃႇၼေႃႈ လႆႈဢဝ်တူဝ်လွတ်ႈႁင်းၽႂ်မၼ်းၶႃႈဢေႃႈ။
387.png,ႁူင်းယႃၵေႃႈဢမ်ႇၶႂ်ႈၵႂႃႇၵၼ်။
388.png,ၵႂႃႇၵေႃႈ ယၢပ်ႇၽိုတ်ႇၶႃႈလူးၼေႃႈ ၵွပ်ႈၼႆ ၵမ်ႈၼမ်တႄႉယူႇႁိူၼ်းသေ ယူတ်းယႃယူႇႁင်းၽႂ်မ
389.png,” ၼၢင်းယိင်း ၵူၼ်းတႃႈၶီႈလဵၵ်း လၢတ်ႈတီႈၽူႈတွႆႇႁွၵ်ႈၼင်ႇၼႆ။
390.png,လိူဝ်ၼၼ်ႉၵူၼ်းဢၼ်ၵူတ်ႇထတ်းႁၼ်ၸိူဝ်ႉမႅင်းၶူဝ်ႊဝိတ်ႉသေလၵ်ႉပၢႆႈသေၵမ်းၵမ်းမီး၊ တေႃႇထ
391.png,ၾၢႆႇၼိုင်ႈ ၼႂ်းၶၢဝ်းတၢင်း ၼိုင်ႈဝူင်ႈ ပူၼ်ႉမႃးၼႆႉ တီႈတႃႈၶီႈလဵၵ်းမီး မႄႈမၢၼ်း ဢၼ်
392.png,ၵူၺ်းၵႃႈလုၵ်ႈဢွၼ်ႇၸိူဝ်းၶဝ်တႄႉ ဢမ်ႇမီးတၢင်းပဵၼ်ၶူဝ်ႊဝိတ်ႉၼင်ႇၵဝ်ႇ မေႃယႃၼၼ်ႉတႅမ်
393.png,တေႃႇထိုင်ဝၼ်းမိူဝ်ႈၼႆႉ တီႈတႃႈၶီႈလဵၵ်း ဢၼ်လူႉတၢႆယွၼ်ႉတၢင်းပဵၼ်မီး 35 ၵေႃႉ၊ ဢၼ်လႆႈ
394.png,-ၸုမ်းသိုၵ်း တႃႊလီႊပၢၼ်ႊ ၶဝ်ႈယိုတ်းတီၼင်ႈၸွမ်ၸိုင်ႈ တီႈႁေႃၸွမ်ၸိုင်ႈမိူင
395.png,15/8/2021  ၸွမ်ၸိုင်ႈမိူင်း ဢႅပ်ႊၾ်ၵၢၼ်ႊၼိတ်ႉသ်တၢၼ်ႊ ဢၼ်ပဵၼ် ဢသျရႅပ်ႉ ၵႃႊၼီႊ လႄႈ
396.png,ၽွင်းလူင်ၾၢႆႇၼႂ်းမိူင်း ၸူဝ်ႈၶၢဝ်း လူင်ပွင်ၸိုင်ႈ ဢႅပ်ႊၾ်ၵၢၼ်ႊၼိတ်ႉသ်တၢၼ်ႊ ဢၼ်ပဵ
397.png,ၸုမ်းသိုၵ်းတႃႊလီႊပၢၼ်ႊ ၼႆႉ ၶွတ်ႇတင်ႈမႃးလႆႈ 27 ပီယဝ်ႉဝႃႈၼႆသေတႃႉ တႃႇတေယိုတ်းလႆႈၸို
398.png,ၽႅၼ်ႇတီႈဢၼ်ၼႄၾၢင်ႁၢင်ႈ ၼႃႈတီႈ တႃႊလီႊပၢၼ်ႊ ၵုမ်းၵမ်လႄႈ ၼႃႈတီႈ လူင်ပွင်ၸိုင်ႈ  ဢႅပ
399.png,ၽူႈလူင်ႉလႅၼ်ႇၵၢၼ်မိူင်းၶဝ်တႄႉ ထတ်းသၢင်ဝႃႈ ပဵၼ်ယွၼ်ႉ ဢမေႊရိၵၼ်ႊ ပိုၼ်ၽၢဝ်ႇထွၼ်ဢွၵ
400.png,သိုၵ်းဢမေႊရိၵၼ်ႊ ၵေႃႈ ပိုၼ်ၽၢဝ်ႇဝႆႉဝႃႈ ၼႂ်းလိူၼ်သႅပ်ႉထႅမ်ႊပိူဝ်ႊ တေမႃးၼႆႉ တေဢၢၼ်
401.png,သိုၵ်းတႃႊလီႊပၢၼ်ႊ ယိုတ်းဝဵင်းလူင်ၵပူးလ် ၼႆႉဢမ်ႇမီးသဵင်ၵွင်ႈသဵင်မၢၵ်ႇတႅၵ်ႇ၊ ၵူၼ်း
402.png,ဝၢႆးလင် ယိုတ်းလႆႈၸိုင်ႈမိူင်းယဝ်ႉ ၸုမ်းသိုၵ်းတႃႊလီႊပၢၼ်ႊ လႆႈပွႆႇပၼ် ၵူၼ်းသိုၵ်းတ
403.png,ၼႂ်းဝီႊၶီႊပီႊတီႊယႃႊတႄႉတႅမ်ႈဝႆႉဝႃႈ ယၢမ်းလဵဝ် သိုၵ်းတႃႊလီႊပၢၼ်ႊမီးႁႅင်းသိုၵ်း 2 သႅ
404.png,ဢၼ်လႆႈသမ်းယႃႈယႃႁႄႉၵင်ႈၸေႉယဝ်ႉ
405.png,ၽွင်းတၢင်းပဵၼ်ၶူဝ်ႊဝိတ်ႉ 19 ၽႄႈလၢမ်းပွၵ်ႈၵမ်း 3 ၼႆႉ ၵူၼ်းပဵၼ်ၸိူဝ်းတိတ်းၸပ်း ၸိူ
406.png,ယိင်းလၢဝ် ၵူၼ်း မူႇၸေႊ လၢတ်ႈတီႈၽူႈတွႆႇႁွၵ်ႈဝႃႈ “ယူႇတီႈႁဝ်းႁၼ်ထိုင်တႄႉ တီႈႁူင်းယႃ
407.png,မၢင်ဝဵင်းသမ်ႉ ၶူးမေႃယႃ ၸိူဝ်းၵတ်ႉၶႅၼ်ႇ ဢမ်ႇႁဵတ်းၸွမ်းၵႂၢမ်းသင်ႇ ၶွင်ႇသီႇသိုၵ်းမၢ
408.png,ၾၢႆႇပၢႆးယူႇလီတႄႉ ႁၼ်ထိုင်ဝႃႈ ၵၢၼ်ယူတ်းယႃတူဝ်ႁင်းၵူၺ်းတီႈႁိူၼ်းၼႆႉ သင်ဢမ်ႇမီးပၼ်ႁ
409.png,ၼၢင်းသီၼူၼ်း မေႃလုမ်းလႃး ၵူၼ်းပဵၼ် တီႈႁူင်းယႃ ၸႄႈဝဵင်းမိူင်းပၼ်ႇ လၢတ်ႈတီႈၽူႈတွႆႇ
410.png,ၵူၼ်း ဢႃယု 65 ၶိုၼ်ႈၼိူဝ်၊ ၵူၼ်းဢၼ်မီးတၢင်းပဵၼ် တၢင်ႇဢၼ်တၢင်ႇၸိူဝ်းဝႆႉၼႂ်းတူဝ်၊
411.png,ၸွမ်းၼင်ႇ ပိူင်ပၢႆးယူႇလီ ပိုၼ်ၽၢဝ်ႇ ပၼ်ၾၢင်ႉဝႆႉတႄႉ သင်ၸဝ်ႈၵဝ်ႇႁူႉဝႃႈ ၸပ်းၶူဝ်ႊဝိ
412.png,တေလႆႈယူႇႁင်းၵူၺ်းၶေႃၶေႃ တီႈမီးလူမ်းၶဝ်ႈ လူမ်းဢွၵ်ႇလီ၊ တေဢမ်ႇလႆႈၸႂ်ႉၶူဝ်းၶွင်ႁူမ
413.png,ၵူၺ်းၵႃႈ ပေႃး ၸိူဝ်ႉမႅင်း တၢင်းပဵၼ်ၶဝ်ႈထိုင်ပွတ်ႇတႄႉ ၵႆႉယႃဢမ်ႇလႆႈ ၵွပ်ႈၼၼ် ပေႃး
414.png,ပၢင်သဝ်းၵူၼ်းပၢႆႈၽေးသိုၵ်းတီႈဝဵင်းၼမ်ႉၶမ်း
415.png,ၼႂ်းၸႄႈဝဵင်းၼမ်ႉၶမ်း ၸႄႈတွၼ်ႈမူႇၸေႊ ၸိုင်ႈတႆးပွတ်းႁွင်ႇၼႆႉ ပၢင်သဝ်းၵူၼ်းပၢႆႈၽေး
416.png,ၽူႈၸွႆႈထႅမ် ၵူၼ်းပၢႆႈၽေး တီႈၼမ်ႉၶမ်း ၵေႃႉၼိုင်ႈ လၢတ်ႈတီႈၽူႈတွႆႇႁွၵ်ႈဝႃႈ “ၼႂ်းၸႄႈ
417.png,ယဝ်ႉၵေႃႈ ပၢင်သဝ်းၵူၼ်းပၢႆႈၽေးၼႆႉ တင်းမူတ်း မီးဝႆႉ 5 တီႈ။
418.png,ယၢမ်းလဵဝ် တၢင်းပဵၼ်ၶူဝ်ႊဝိတ်ႉ 19 ၵေႃႈ ၽႄႈလၢမ်းႁၢဝ်ႈႁႅင်းထႅင်ႈသေ တႃႇၵူၼ်းပၢႆႈၽေး
419.png,မိူဝ်ႈပူၼ်ႉမႃး ဝၼ်းတီႈ 11/8/2021 ၼၼ်ႉ တီႈပၢင်သဝ်းၵူၼ်းပၢႆႈၽေးၼေႇဝုၼ်းယီႇ (နေဝန်း
420.png,“မႄႈထဝ်ႈၼၼ်ႉ ၼၢဝ် ၽိူဝ်ႇၵႂႃႇၼႄတီႈႁူင်းယႃ ၼမ်ႉၶမ်းၵေႃႈ ၵူတ်ႇ ထတ်း ႁၼ်တၢင်းပဵၼ်ၶူဝ
421.png,ၵူၼ်းယူႇႁိမ်းမႄႈထဝ်ႈတႃႇသေႇၼၼ်ႉၵေႃႈ ၵူတ်ႇထတ်းတူၺ်းယဝ်ႉ ဢမ်ႇမီးမႅင်း။
422.png,ယူဝ်ၶေးပဵၼ်ဝတ်းပဵၼ်ဢၢၼ်ၶၢဝ်းၾူၼ်ၵူၼ်းၶႃႈႁိုဝ်ၼႆ ”- ၵူၼ်း ပၢႆႈၽေး တီႈပၢင်သဝ်း ၼေ
423.png,ယၢမ်းလဵဝ်ၼႂ်းပၢင်သဝ်းၼႆႉမီး ၵူၼ်းပဵၼ်ၶႆႈ/ ပဵၼ်ၼၢဝ် ၼမ်။
424.png,တီႈပၢင်သဝ်းၼႆႉ ၵူႈပီပူၼ်ႉမႃး ပေႃးထိုင်ၶၢဝ်းၾူၼ်ၵေႃႈမီးၵူၼ်းပဵၼ်ၶႆႈပဵၼ်ဝတ်း မိူၼ်
425.png,ၼွၵ်ႈလိူဝ် ပၢင်သဝ်းၵူၼ်းပၢႆႈၽေး ၼေႇဝုၼ်းယီႇယဝ်ႉ ပၢင်သဝ်း ၸဵင်ႇတေႃးမၢတ်ႉ(စိန်သောမ
426.png,သင်ဝႃႈတၢင်းပဵၼ်လၢမ်းၶဝ်ႈၼႂ်းပၢင်သဝ်းတႄႉ တေပႃးၵၼ်တုၵ်ႉၶ မူတ်းၶႃႈဢေႃႈ”- ၸုမ်းၸွႆႈ
427.png,“ ပၢင်သဝ်းတၢင်ႇဢၼ်ၵေႃႈဢမ်ႇမီးၵူၼ်းပဵၼ်ၶူဝ်ႊဝိတ်ႉၼႆ ၽႂ်ၵေႃႈဢမ်ႇၸၢင်ႈလၢတ်ႈလႆႈ။
428.png,ပၢင်သဝ်းၵူၼ်းပၢႆႈၽေး ၼႂ်းၸႄႈဝဵင်းၼမ်ႉၶမ်းၼႆႉ ၼိုင်ႈဢွင်ႈတီႈ ႁူဝ်ၵူၼ်း မီးမွၵ်ႈ 1
429.png,ယၢမ်းလဵဝ် လူဝ်ႇတၢင်းၸွႆႈထႅမ် ၶဝ်ႈၼမ်ႉတၢင်းၵိၼ်၊ ယႃႈယႃ ၊ ၽႃႈတူမ်းသူပ်း၊ ၼမ်ႉယႃႈ
430.png,-ၵူၼ်းပဵၼ်ၶူဝ်ႊဝိတ်ႉသေလူႉတၢႆ တီႈၵျွၵ်ႉမႄး
431.png,မိူဝ်ႈဝႃး ဝၼ်းတီႈ 12/8/2021 ၵူၼ်းပဵၼ်ၶူဝ်ႊဝိတ်ႉ 19 ထဝ်ႈၸၢႆးၵေႃႉၼိုင်ႈ ယူတ်းယႃတူဝ
432.png,ၸုမ်းပရႁိတ ၵျွၵ်ႉမႄး ၵေႃႉၼိုင်ႈ လၢတ်ႈတီႈၽူႈတွႆႇႁွၵ်ႈဝႃႈ “လႆႈႁူႉဝႃႈ လူင်းႁူင်းယႃ
433.png,ႁဵတ်းႁႂ်ႈပီႈၼွင်ႉၵူၼ်းႁိူၼ်းလႄႈၵူၼ်းၼႂ်းပွၵ်ႉ တူၵ်းၸႂ်။
434.png,ဢွၵ်ႊသီႊၵျိၼ်ႊဢၼ်ၸႂ်ႉတီႈႁိူၼ်းၼၼ်ႉ မီးသွင်လုၵ်ႈ ယၢမ်းလဵဝ်တႄႉ လႆႈၶိုၼ်းသူင်ႇ ပၼ်
435.png,ၵူၼ်းပဵၼ်ၼႆႉ လူင်းႁူင်းယႃမႃး မိူဝ်ႈဝၼ်းတီႈ 10/8/2021 သေ လႆႈလူႉသဵင်ႈၵႂႃႇ မိူဝ်ႈဝၼ
436.png,မိူဝ်ႈဝႃး ယၢမ်းၵၢင်ၼႂ်ၼႆႉ ႁဝ်းၶႃႈ လႆႈပူၼ်ႉၶၢပ်ႈတူဝ် ၵူၼ်းတၢႆ ယွၼ်ႉၶူဝ်ႊဝိတ်ႉ 19
437.png,“မၼ်းၸၢႆးၼႆႉ တၼ်းလူင်းႁူင်းယႃမႃး မီးၶၢဝ်းတၢင်း 3 ဝၼ်းၵူၺ်း ပဵၼ်ၵူၼ်းထဝ်ႈၶႃႈ။
438.png,ၾၢႆႇလူင်ႉလႅၼ်ႇပၢႆးယူႇလီၶဝ်တႅမ်ႈဢွၵ်ႇပိုၼ်ႈၽႄႈတီႈဢွၼ်ႊလၢႆႊတႄႉဝႃႈ ၵူၼ်းပဵၼ်ၶူဝ်ႊဝိ
439.png,ၼႂ်းၸႄႈဝဵင်းၵျွၵ်ႉမႄးၼႆႉ ပေႃးၼပ်ႉၽတ်ႉၽဵင်ႇ ၸိုင် ၼိုင်ႈဝၼ်း ၵူၼ်းလူႉတၢႆ ယွၼ်ႉတၢင
440.png,ၵူၼ်းမိူင်းၸိူဝ်းၸပ်းတၢင်းပဵၼ်ၶူဝ်ႊဝိတ်ႉ ဢမ်ႇယွမ်းၵႂႃႇယူတ်းယႃတူဝ်တီႈႁူင်းယႃ ၊ တီ
441.png,ဢၼ်ပဵၼ်ၵေႃႈမီးၼမ်မႃးၵူႈဝၼ်း။
442.png,တေႃႇထိုင်ဝၼ်းတီႈ 11/8/2021 ၼႆႉ ၵူၼ်းမိူင်းတႆးပတ်းပိုၼ်ႉ ဢၼ်ၸပ်းတၢင်းပဵၼ်ၶူဝ်ႊဝိတ
443.png,ၸုမ်းၵူၼ်းၼုမ်ႇတႆး တႃႈၵုင်ႈ ႁႅၼ်းတၢၼ်း ယိူင်းၸူးထိုင် ၽူႈႁတ်းႁၢၼ် ၸိူဝ်းလႆႈတူၵ်း
444.png,/ ၵူၼ်းၼုမ်ႇတႆးတႃႈၵုင်ႈ လူႇတၢၼ်း ပၼ်ၽူႈတူၵ်းသုမ်းယွၼ်ႉသိုၵ်းမၢၼ်ႈယိုတ်းမိူင်း
445.png,မိူဝ်ႈၼႆႉ ဝၼ်းတီႈ 13/8/2021 ယူႇတီႈမူႇၸုမ်းၵူၼ်းၼုမ်ႇတႆး တႃႈၵုင်ႈ
446.png,ၵူၼ်းၼုမ်ႇတႆး တႃႈၵုင်ႈ ၵေႃႉၼိုင်ႈ လၢတ်ႈၼႄဝႃႈ “ပၢင်ႁႅၼ်းတၢၼ်းၼႆႉ ယိူင်းၸူးထိုင် ၽ
447.png,မိူဝ်ႈဝၼ်းတီႈ 10 လိူၼ်ၼႆႉၵေႃႈ တီႈသဵၼ်ႈတၢင်း 44 ဝဵင်းပူဝ်ႇထွင်ႇ တိူင်းတႃႈၵုင်ႈၼ
448.png,ႁဝ်းၶႃႈ ႁႅၼ်းလူႇတၢၼ်း ပၼ် သူင်ႇမဵတ်ႉတႃႇ ယိူင်ႈထိုင်ၸိူဝ်းၶဝ် ႁႂ်ႈလႆႈႁပ်ႉလွင်ႈၽဵ
449.png,/ ၵူၼ်းၼုမ်ႇတႆးတႃႈၵုင်ႈ လူႇတၢၼ်း ပၼ်ၽူႈတူၵ်းသုမ်းယွၼ်ႉသိုၵ်းမၢၼ်ႈယိုတ်းမိူင်း
450.png,တင်ႈတႄႇ ၶွင်ႇသီႇသိုၵ်းမၢၼ်ႈ ယိုတ်းမိူင်းမႃးၼႆႉ မိူဝ်ႈဝၼ်းတီႈ 1/2/2021 ၼၼ်ႉသေ ႁၢၼ
451.png,ၼႂ်းမိူင်းႁူမ်ႈတုမ် ဢမ်ႇမီးလွင်ႈၼိမ်သဝ်း ၵတ်းယဵၼ်သင် ၵူၼ်းမိူင်း/ ၵူၼ်းၼုမ်ႇ ထု
452.png,ဢိင်ၼိူဝ် လွင်ႈၼႆႉသေ ယူႇတီႈ ၸုမ်းၸွႆႈထႅမ် ၵူၼ်းတူၵ်းၶွၵ်ႈၵၢၼ်မိူင်း မိူင်းမၢၼ်ႈ
453.png,- / ဝဵင်းၵဵင်းတုင်
454.png,မိူဝ်ႈဝႃး ဝၼ်းတီႈ 12/8/2021 ၼႂ်းၸႄႈဝဵင်းၵဵင်းတုင် ၸိုင်ႈတႆးပွတ်းဢွၵ်ႇၶူင်း ၵူတ်ႇ
455.png,ၽူႈတူင်ႉၼိုင် ၼႂ်းတူင်ႇဝူင်းၵူၼ်း ၸႄႈဝဵင်းၵဵင်းတုင် ၵေႃႉၼိုင်ႈ လၢတ်ႈတီႈၽူႈတွႆႇ ႁ
456.png,ပေႃးယူႇမဝ်ၵိၼ်မၢင်ၸိူင်ႉၼႆတႄႉ ထႅင်ႈ 2 ဝူင်ႈ တေႃႇထိုင် လိူၼ်ၼႆႉသဵင်ႈ ႁူဝ်ၵူၼ်းပဵ
457.png,ႁၢင်လိူၼ်ၼႆႉ ပေႃးၵူၼ်းပဵၼ် ၽိူမ်ႉၶိုၼ်ႈႁႅင်းတႄႉ ပၢႆး ယူႇလီ ၵေႃႈ တေဢမ်ႇပေႉယႃလႆႈ
458.png,ပေႃးၵူၼ်းပဵၼ်ၼမ်မႃး တေၸၢင်ႈလႆႈယူႇႁိူၼ်းယူတ်းယႃႁင်းၽႂ်မၼ်း ၵူၺ်းယဝ်ႉ လီမႆႈ ၸႂ်ၶႃ
459.png,ၼႂ်းၸႄႈဝဵင်းၵဵင်းတုင် တေႃႇထိုင် ဝၼ်းတီႈ 11/8/2021 ၼႆႉ ၵူၼ်းတိတ်းၸပ်း ၸိူဝ်ႉမႅင်း
460.png,ယူတ်းယႃၶႅၼ်းၸိုၼ်ႈသေ လူင်းႁူင်းယႃ 199 ၵေႃႉ တိုၵ်ႉယူတ်းယႃတူဝ်ဝႆႉမီး 292 ၵေႃႉ။
461.png,မိူဝ်ႈဝႃး ဝၼ်းတီႈ 12 သမ်ႉ ၵူတ်ႇထတ်းႁၼ်ထႅင်ႈ 26 ၵေႃႉ ႁူမ်ႈၵၼ် ၵူၼ်းပဵၼ်တင်းမူတ်း
462.png,ၵူၼ်းၼုမ်ႇ ၵဵင်းတုင် ၵေႃႉၼိုင်ႈ လၢတ်ႈတီႈၽူႈတွႆႇႁွၵ်ႈဝႃႈ “ၸႂ်ႈၶႃႈဢေႃႈ ၽိူမ်ႉၶိုၼ်
463.png,ပလိၵ်ႈမၢၼ်ႈၵေႃႈ ပဵၼ်ၼမ်ဢေႃႈ။
464.png,ၵူၼ်းမိူင်းၵေႃႈ ဢမ်ႇယွမ်းၵၵ်းတူဝ်။
465.png,ဢမ်ႇၸၢင်ႈၵၵ်းတူဝ် ။
466.png,3 ပုၼ်ႈ 2 ပုၼ်ႈၼႆႉ တိုၼ်းၵႂႃႇၵႂႃႇမႃးမႃး ယူႇၸိူင်ႉၼၼ်ယဝ်ႉၶႃႈ။
467.png,ၶဝ်ၵေႃႈလူဝ်ႇႁႃၵိၼ်လဵင်ႉတွင်ႉၶႃႈလူးၼေႃႈ ။
468.png,တႄႇဢဝ် ႁူဝ်လိူၼ်ဢေႃႊၵတ်ႊသ် 2021 ၼႆႉမႃး ၼႂ်းၸႄႈဝဵင်းၵဵင်းတုင်ၼႆႉ ၵူတ်ႇထတ်းႁၼ် ၵူၼ
469.png,ဢမ်ႇမီးၽႂ်ၸုမ်းလႂ်ၸွႆႈထႅမ်ၵူၼ်းမိူင်းၶႃႈလူး”- ဝႃႈၼႆ။
470.png,ဝၼ်းတီႈ 11 ၼႆႉ ၵူတ်ႇထတ်းႁၼ်ၵူၼ်းတိတ်းၸပ်းတၢင်းပဵၼ် 49 ၵေႃႉ လႆႈဝႃႈၼမ်သုတ်း ၼႂ်းၶ
471.png,လိူၼ်ၼႆႉ ဝၼ်းတီႈ 1 ယူႇတီႈၼၸၵ ဢၼ်ပဵၼ်ၶွင်ႇသီႇၽွင်းငမ်းၸိုင်ႈမိူင်းၼၼ်ႉ ပိၼ်ႇပဵၼ်လ
472.png,ၼၸၵ ဢၼ်ႁွင်ႉဝႃႈၶွင်ႇသီႇၽွင်းငမ်းၸိုင်ႈမိူင်းၼႆႉ မိူဝ်ႈၶဝ်တႄႇယိုတ်းသိမ်းဢႃႇၼႃႇ မိ
473.png,ၸွမ်ၸိၵ်းသိုၵ်းလူင်မိၼ်းဢွင်ႇလၢႆႇ
474.png,ၵူၺ်းၵႃႈ ၽိူဝ်ႇထိုင်မႃး လိူၼ်ဢေႃႊၵတ်ႊသ် 1 ဝၼ်းၼႆႉ ၶဝ်ၽွင်းငမ်းၸိုင်ႈမိူင်းမႃး လႆ
475.png,ၵမ်းၼႆႉ ပေႃးႁဝ်းၶႃႈမႃး ထတ်းသၢင်တူၺ်း ၸဵမ်မိူဝ်ႈၶဝ် တႄႇသိမ်းဢႃႇၼႃႇ မိူဝ်ႈလိူၼ်ၾႅပ
476.png,ယူႇတီႈၼၸၵ ၶွင်ႇသီႇယိုတ်းသိမ်းဢႃႇၼႃႇ ၸိုင်ႈမိူင်းၼႆႉ ၶဝ်တိုၼ်းမီးၶေႃႈဢၢင်ႈ ပိူဝ်ႈ
477.png,ဝၢႆးသေ ပၢင်လိူၵ်ႈတင်ႈ 2020 ယဝ်ႉၵႂႃႇ ၶဝ်ၵႆႉ ဢွၵ်ႇၶၢဝ်ႇလၢတ်ႈၼႄပေႃႈမႄႈၵူၼ်းမိူင်းဝႃ
478.png,ႁူင်းတွတ်ႈၶႅပ်းၵၢင်ၸႂ်လူင်ႈၼႃႈ တီႈဝဵင်းတူၼ်ႈတီး
479.png,ၵွပ်ႈပိူဝ်ႈၸိူင်ႉၼႆ တေလႆႈဢဝ်လိူင်ႈ ၶဝ်တေလၢမ်းႁႃငိူၼ်ႈၶႆမၼ်းသေယဝ်ႉ တေဢဝ်လိူင်ႈယူ
480.png,ၵူၺ်းၵႃႈ ၾၢႆႇၼိုင်ႈတၢင်းၼိုင်ႈ သင်ၸိူဝ်ႉဝႃႈ သဵၼ်ႈသၢႆမၢႆ ၽူႈပၼ်သဵင်ၸိူဝ်းၼၼ်ႉ ဢမ်
481.png,တီႈၼႆႈ ႁဝ်းၶႃႈ တေၵဵပ်းလႆႈၶေႃႈၼိုင်ႈ ၶဝ်တေဢဝ် သဵၼ်ႈသၢႆမၢႆ ၽူႈပၼ်သဵင်ၼႆႉ ပဵၼ်ၶေႃႈဢ
482.png,ၵမ်းၼႆႉ ပေႃးႁဝ်းၶႃႈ မႃးတူၺ်း လၢႆးႁဵတ်းၵၢၼ် ၸဝ်ႈဢႃႇၼႃႇသိုၵ်းသိူဝ် ၸိူဝ်းဢၼ် ယၢမ်ႈ
483.png,တိူၵ်ႈတီႈဝႃႈ တႅမ်ႈမႃး လူင်းမႃးၼိူဝ်ၸေႈၼႆၵေႃႈ ၶဝ်ဢမ်ႇတွၼ်ႉႁဵတ်းၸွမ်းမႃးႁႂ်ႈပေႃးပ
484.png,မိူဝ်ႈ 1958 ယူႇတီႈၸွမ်သိုၵ်းလူင် ၼေႇဝိၼ်းသိမ်းဢႃႇၼႃႇ ၸိုင်ႈမိူင်း မၼ်းၼႄၶေႃႈဢၢင်
485.png,ၼႂ်းၶၢဝ်းတၢင်း 1 ပီ တေႁဵတ်းပၢင်လိူၵ်ႈတင်ႈသေယဝ်ႉ ထိုင်မႃး 1960 ၶိုၼ်းမႃးႁဵတ်းပၢင
486.png,ၵူၺ်းၵႃႈ ၽႅဝ်မႃးမိူဝ်ႈ 1962 ယိုတ်းသိမ်း ၶိုၼ်းဢႃႇၼႃႇ ၸိုင်ႈမိူင်း ၵွပ်ႈသင်လႃႇ မ
487.png,ၵမ်းၼႆႉ ၽႅဝ်မႃး မိူဝ်ႈ 1988 ယူႇတီႈ ၼဝတၶဝ် ယိုတ်းသိမ်းဢႃႇၼႃႇ ၸိုင်ႈမိူင်း ဢၼ်မီးၼ
488.png,ၵမ်းလိုၼ်းမႃးၵေႃႈ ဢမ်ႇၸႂ်ႈၸိူင်ႉၼၼ် ၸုမ်း ၸၢဝ်းဢၼ်ဢွင်ႇပေႉပၢင်လိူၵ်ႈတင်ႈၼၼ်ႉ ပိ
489.png,ၵမ်းၼႆႉ ယၢမ်းလဵဝ်ၵေႃႈ လၢတ်ႈဝႃႈ ၶၢဝ်းတၢင်းၼိုင်ႈပီ တေဢူၼ်းဢၢပ်ႈပၼ်ဢႃႇၼႃႇ လၢတ်ႈယဝ်
490.png,ပွင်ႇဝႃႈဢၼ်ၼႆႉ မၼ်းၵူၺ်းပဵၼ် ပိူဝ်ႈတႃႇၶဝ်ၸၼ်ၶၢဝ်းယၢမ်းၼင်ႇႁိုဝ် ၶဝ်တေ ဢုပ်ႇပိူင်
491.png,ပေႃးႁဝ်းၶႃႈမႃးၼပ်ႉတူၺ်း 1960 ပၢင်လိူၵ်ႈတင်ႈမိူဝ်ႈၼၼ်ႉၼႆ ယူႇၾၢႆႇၸုမ်းသိုၵ်းမၢၼ်ႈၼ
492.png,ၾၢႆႇၼိုင်ႈတေပဵၼ် တီႇမျႄး ၽသပလ၊ ၾၢႆႇၼိုင်ႈသမ်ႉတေပဵၼ် တၢၼ်ႉသျိၼ်းပသပလ ယူႇတီႈ တပ်ႉ
493.png,ၽိူဝ်ႇမႃး ႁဵတ်းပၼ် ပၢင်လိူၵ်ႈတင်ႈ 1960 ၼၼ်ႉ ယွၼ်ႉပိူဝ်ႈၾၢႆႇတၢၼ်ႉသျိၼ်းၽသပလ ဢွင်ႇ
494.png,ၽူႈၼမ်းပႃႇတီႇ တီႇမျႄး ၽသပလ ပၢင်လိူၵ်ႈတင်ႈ 1960
495.png,ၵမ်းၼႆႉ ထိုင်မႃး မိူဝ်ႈ 1990 သမ်ႉဝႃႈ ပႃႇတီႇဢၼ်ၶဝ် ၸႂ်ပိုင်ႈၸႂ်ယႂ်ႇဝႆႉ ဢၼ်ပဵၼ်မသလ
496.png,ထိုင်မႃး ပီ 2020 ၼႆႉသမ်ႉ ၶဝ်မၢႆထိုင်ဝႃႈ ပႃႇတီႇသၢင်ႈသီႈ  ႁူမ်ႈလူၺ်ႈတင်းတပ်ႉသိ
497.png,ၵူၺ်းၵႃႈ ၽိူဝ်ႇ  ၸုမ်းၼူၵ်ႉယုင်း ဢွင်ႇ ပေႇၵႂႃႇထႅင်ႈၵေႃႈ သမ်ႉယိုတ်းသိမ်းဢႃႇၼႃ
498.png,ၸင်ႇဝႃႈ ပီ 2023 ဢၼ်ဝႃႈတေႁဵတ်းပၢင်လိူၵ်ႈတင်ႈထႅင်ႈၼၼ်ႉ ၸွင်ႇတေပဵၼ်မႃး တႄႉယူႇႁိုဝ်?
499.png,ယူႇတီႈတပ်ႉသိုၵ်းတေဢဝ်  ၶဝ်ႈလိူၵ်ႈတင်ႈသေတႃႉၵေႃႈ ၼႂ်းၶၢဝ်းတၢင်း သွင်ပီတေၵႂႃႇၼ
500.png,ယူႇတီႈတပ်ႉသိုၵ်းမၢၼ်ႈ ဢၼ်ယိုတ်းသိမ်းဢႃႇၼႃႇမႃးၼႆႉ ဢဝ်တၢႆၵူၼ်းပေႃးမီး 900 ပၢႆ တီႉၺ
501.png,ယွၼ်ႉပိူဝ်ႈ ၸုမ်းသိုၵ်းဢႃႇၼႃႇ ၼႆႉ ၸိူင်ႉၼင်ႇၼႆၼႆႉ တိုၵ်ႉမီးယူႇၼႂ်းမၢၵ်ႇလမ်းႁူဝ်
502.png,ပေႃးပဵၼ်ၸိူင်ႉၼၼ်မႃး ယူႇတီႈ ၸုမ်းသိုၵ်းမၢၼ်ႈ ဢၼ်ယိုတ်းသိမ်းဢႃႇၼႃႇ ၼၸၵၼႆႉ ၸွင်ႇမၼ
503.png,ပွင်ႇဝႃႈ ယူႇတီႈႁဝ်းၶႃႈ ႁၼ်ထိုင်တႄႉ တမ်ၼင်ႇၶဝ်ယၢမ်ႈႁဵတ်းမႃးလၢႆၸုပ်ႈလၢႆပၢၼ်ၼၼ်ႉသေယ
504.png,ၵွပ်ႈပိူဝ်ႈၸိူင်ႉၼႆ ယူႇတီႈလူင်ပွင်ၸိုင်ႈသိုၵ်းၼႆႉ ၼင်ႇႁိုဝ် ၶဝ်ပေႃးတေထိင်းသိမ်းဢ
505.png,မႂ်ႇသုင်ၶႃႈ
506.png,ႁိုၼ်း ၵႃယၢင်း
507.png,ဢိင်ၼိူဝ် တၢင်းပဵၼ်ၶူဝ်ႊဝိတ်ႉ 19 ၽႄႈလၢမ်းႁၢဝ်ႈႁႅင်း ပွၵ်ႈၵမ်းသၢမ်ၼႆႉသေ ၼႂ်းၸႄႈဝဵ
508.png,ၸၢႆးႁၢၼ်ႇထုၼ်း ၽူႈၵွၼ်းပွၵ်ႉဝၢၼ်ႈတႂ်ႈ လၢတ်ႈတီႈၽူႈတွႆႇႁွၵ်ႈဝႃႈ “တီႈပွၵ်ႉဝၢၼ်ႈတႂ်ႈ
509.png,တေပိၵ်ႉဢိုတ်း တီႈယွမ်ႇၸိူဝ်းဢၼ် ႁၼ်ၵူၼ်းတိတ်းၸပ်းၸိူဝ်ႉမႅင်းၼမ်ၼၼ်ႉၵူၺ်း။
510.png,တေမီးမွၵ်ႈလင်ႁိူၼ်း လၢႆ လင် ယၢမ်းလဵဝ် တိုၵ်ႉၵဵပ်းသဵၼ်ႈမၢႆမၼ်းယူႇၶႃႈ။
511.png,တေပိၵ်ႉဢိုတ်း ပဵၼ်ယွမ်ႇ ပဵၼ်ၵိဝ်ႇ ၸိူဝ်းၼၼ်ႉၵူၺ်းၶႃႈ။
512.png,တႄႇဢဝ် မိူဝ်ႈ ၽုၵ်ႈၵႂႃႇ ယၢမ်းၵၢင်ၼႂ် 9 မူင်းၶႃႈဢေႃႈ”- ဝႃႈၼႆ။
513.png,ပွၵ်ႉဝၢၼ်ႈတႂ်ႈ ၸိူဝ်းမီးၾၢႆႇတူၵ်းတၢင်း ၾၢႆႇတၢၵ်းၸလွပ်ႈၵၢင်ဝၢၼ်ႈ ၶိုၼ်ႈၵႂႃႇထိုင်ႁ
514.png,လင်ႁိူၼ်းတေမီးမွၵ်ႈ ဢမ်ႇယွမ်း 30 လင် တီႈဢၼ်မီးၵူၼ်းတိတ်းၸပ်းတၢင်းပဵၼ်ၼမ်၊ ၵူၺ်း
515.png,ၼႂ်းၸႄႈဝဵင်းလၢင်းၶိူဝ်းၼႆႉ တေႃႇထိုင်ဝၼ်းတီႈ 11/8/2021 ၼႆႉ ၵူၼ်းတိတ်းၸပ်း ၸိူဝ်ႉမ
516.png,ၵူၼ်းပၢႆႈၽေးသိုၵ်း ၼပ်ႉႁူဝ်ပၢၵ်ႇ ၼႂ်းၸႄႈဝဵင်းသီႇပေႃႉ ထူပ်းတၢင်းယၢပ်ႇၽိုတ်ႇ လွင်ႈ
517.png,/ ၵူၼ်းပၢႆႈၽေးသိုၵ်း တီႈၼမ်ႉလၼ်ႈ
518.png,"မိူဝ်ႈဝႃး ဝၼ်းတီႈ 11/8/2021 ၼႆႉ ယူႇတီႈၸုမ်းဢူၺ်းလီပွတ်းႁွင်ႇ ,  လႄႈ"
519.png,ၽူႈၸွႆႈထႅမ် ၵူၼ်းပၢႆႈၽေးသိုၵ်း ၼႂ်းၸႄႈဝဵင်းသီႇပေႃႉ ၵေႃႉၼိုင်ႈ လၢတ်ႈတီႈၽူႈတွႆႇႁွၵ
520.png,မၼ်းဢမ်ႇထုၵ်ႇလီပဵၼ်ယဝ်ႉ။
521.png,ၵူၼ်းမိူင်း ၼႆႉ ပၢႆလိူဝ်တုၵ်ႉၶၸွမ်းပၢင်တိုၵ်း ယဝ်ႉဢမ်ႇၵႃး တုၵ်ႉၶၸွမ်းၽႄးယေႃးၵႃႇ
522.png,ယဝ်ႉၵေႃႈ ယၢပ်ႇၽိုတ်ႇ ဢမ်ႇလႆႈၽုၵ်ႇလႆႈသွမ်ႈထႅင်ႈ ဢၼ်တုၵ်ႉၶတႄႉ ပဵၼ်ၵူၼ်းမိူင်းၼၼ်ႉ
523.png,ယၢမ်းလဵဝ် ပဵၼ်ၶၢဝ်းၾူၼ် တၢင်းပဵၼ်ၶႆႈလိူတ်ႈဢွၵ်ႇ/ ၼၢဝ်ၼူၵ်ႉ/ ၼၢဝ်သၼ်ႇ ၵေႃႈ ပဵၼ်ငၢ
524.png,“ယၢမ်းလဵဝ်ၼႆႉ ႁၢၼ်ႉၶၢႆယႃႈယႃၵေႃႈ ဢမ်ႇပိုတ်ႇ ပေႃးၶဝ်လႆႈပၢႆႈယမ်းၾႃႉ ယမ်းၾူၼ်ၼႆ ၶဝ်တ
525.png,မိူဝ်ႈၼႆႉ ဝၼ်းတီႈ 12 /8/2021 ပၢင်တိုၵ်းတႄႉ ယဵၼ်လူင်းယဝ်ႉၼႆသေတႃႉ ၵူၼ်းဝၢၼ်ႈ ၸိူဝ်
526.png,ၵူၼ်းၼမ်ႉလၼ်ႈ ၵေႃႉၼိုင်ႈ လၢတ်ႈတီႈၽူႈတွႆႇႁွၵ်ႈဝႃႈ -“တေႃႈလဵဝ်ၵူၼ်း ဝၢၼ်ႈတႄႉ ပွၵ်ႈမ
527.png,ၵူဝ်တႄႉ ၵူဝ်ယူႇၶႃႈ ၵမ်ႈၽွင်ႈ ပႃးမႃးၶဝ်ႈၼမ်ႉတၢင်း ၵိၼ် ဢမ်ႇၵုမ်ႇထူၼ်ႈၼႆသေ လႆႈမိူ
528.png,"ယွၼ်ႉပၢင်တိုၵ်းၼႂ်းၵႄႈ ၸုမ်းဢူၺ်းလီပွတ်းႁွင်ႇ ,  လႄႈ  ၼႆႉသေ ၵူၼ်းဝၢၼ"
529.png,.  ( ) ၾၢႆႇပၢႆးယူႇလီ ၸႄႈဝဵင်းလၢင်းၶိူဝ်း ၵူ
530.png,မိူဝ်ႈၼႆႉ ဝၼ်းတီႈ 12/8/2021 ယၢမ်းၵၢင်ၼႂ် ၽူႈၸၢႆး ၵေႃႉၼိုင်ႈ တီႈဝဵင်းၵဵင်းတွင်း ၸ
531.png,ၼၢင်းသီၼူၼ်း မေႃယႃလုမ်းလႃး ၵူၼ်းပဵၼ် တီႈႁူင်းယႃ ၸႄႈဝဵင်းမိူင်းပၼ်ႇ လၢတ်ႈတီႈၽူႈတွ
532.png,တီႈၵဵင်းတွင်းတႄႉ လူႉတၢႆၵႂႃႇ တေမီး 5 ၵေႃႉ ပႃးမိူဝ်ႈၼႆႉၶႃႈ။
533.png,ပေႃးဢဝ်ၸႄႈတွၼ်ႈလၢင်းၶိူဝ်းဝႃႈၸိုင် ၵူၼ်းပဵၼ် တင်းမူတ်း မီး 384 ၵေႃႉ လူႉတၢႆယဝ်ႉ
534.png,တၢင်းပဵၼ်ၶူဝ်ႊဝိတ်ႉ 19 ပွၵ်ႈၵမ်းသၢမ် ၽႄႈလၢမ်းႁၢဝ်ႈႁႅင်းမႃးၼႆႉ   တေႃႇထိုင် ဝၼ်းတီ
535.png,ၵူၼ်းပဵၼ်ၶူဝ်ႊဝိတ်ႉ ၼႂ်းၸႄႈတွၼ်ႈလၢင်းၶိူဝ်း
536.png,ၼႂ်းၵူၼ်းပဵၼ် 384 ၵေႃႉၼၼ်ႉ ယၢမ်းလဵဝ် တိုၵ်ႉယူတ်းယႃ တူဝ်ဝႆႉ တီႈႁူင်းယႃ တင်းမူတ်းမ
537.png,တႃႇႁႂ်ႈၵူၼ်းမိူင်းတေၵၢင်းယၢၼ်ၽေးၶူဝ်ႊဝိတ်ႉၼၼ်ႉ ၼႂ်းၸႄႈတွၼ်ႈလၢင်းၶိူဝ်းၵေႃႈ ၶိုၼ်
538.png,“တၢင်းမိူင်းပၼ်ႇ လၢင်းၶိူဝ်းတႄႉ တႄႇသမ်းယႃႁႄႉၵင်ႈၶိုၼ်းယဝ်ႉၶႃႈ။
539.png,ႁဝ်းၶႃႈၵေႃႈ လႄႇႁႃသေႃႇသူၼ်းသပ်းလႅင်း ၼႄပၼ် ၵူၼ်းမိူင်းပိုၼ်ႉတီႈႁဝ်းၶႃႈ သပ်းလႅင်း
540.png,ၵူၼ်းမိူင်းတႄႉ ဢွၼ်ၵၼ်မႃးသမ်းယႃႁႄႉၵင်ႈၵၼ်ၼမ်ယူႇၶႃႈ”- ၼၢင်းသီၼူၼ်း မေႃယႃလုမ်းလႃး
541.png,တႄႇဢဝ် ႁၢင်လိူၼ်ၵျုႊလၢႆႊ 2021 ၼႆႉမႃး ၼႂ်းၸႄႈမိူင်းတႆး ၵမ်ႈၼမ် ယူႇတီႈၾၢႆႇပၢႆးယူႇလ
542.png,ယႃႈယႃဢၼ်လႆႈသမ်းပၼ်ၼၼ်ႉတႄႉ ပဵၼ်ယႃႈယႃမိၵ်ႈ  ဢၼ်တၢင်းမိူင်းၶႄႇသူင်ႇမႃး ။ၼ
543.png,ႁၢင်ႈၼၢင်းသႅင်ပွႆး ၵူၼ်းၵျွၵ်ႉမႄး ဢၼ်ႁၢႆဝႆႉ
544.png,မိူဝ်ႈဝၼ်းတီႈ 19/4/2021 ပူၼ်ႉမႃးၼႆႉ ၼၢင်းသႅင်ပွႆး ဢႃယု 28 ပီ ထုၵ်ႇပလိၵ်ႈၶႄႇ တီႉၺ
545.png,ပလိၵ်ႈမၢၼ်ႈၵုမ်းၶင်တူဝ်ဝႆႉၼႆသေ တေႃႇထိုင် ယၢမ်းလဵဝ် ပႆႇႁၼ်တူဝ်မၼ်းၼၢင်း ပွၵ်ႈထို
546.png,ၵေႃႉပဵၼ်မႄႈ ၼၢင်းသႅင်ပွႆး လၢတ်ႈတီႈၽူႈတွႆႇႁွၵ်ႈဝႃႈ “လုၵ်ႈယိင်းၶႃႈၼႆႉ ထုၵ်ႇပလိၵ်ႈၶ
547.png,ႁၢင်ႈၼၢင်းသႅင်ပွႆး ၵူၼ်းၵျွၵ်ႉမႄး ဢၼ်ႁၢႆဝႆႉ
548.png,ၶႄႇၶဝ် တီႉၺွပ်းၶင်ဝႆႉ ယဝ်ႉၵေႃႈ သူင်ႇဢၢပ်ႈမႃးပၼ် တီႈတၢင်းပလိၵ်ႈမၢၼ်ႈ တီႈလႅၼ်လိၼ်
549.png,မိူဝ်ႈမႃးထိုင်ၼႂ်းမိုဝ်း ပလိၵ်ႈမၢၼ်ႈ ၼၼ်ႉ ၶဝ်ၵေႃႈ ထၢမ်မၼ်းၼၢင်းသေ ယူႇတီႈလႂ် ပေႃ
550.png,ၵမ်းၼႆႉ ပလိၵ်ႈၶဝ် ၸင်ႇမႃး ၵူတ်ႇထတ်း တီႈဢိူင်ႇဝၢၼ်ႈႁဝ်းၶႃႈၼႆႉသေ ႁွင်ႉႁဝ်းၶႃႈၵႂႃႇ
551.png,မိူဝ်ႈၼၼ်ႉ ၶဝ်လၢတ်ႈၼႄႁဝ်းဝႃႈ တိုၵ်ႉၶင်တူဝ်လုၵ်ႈယိင်းႁဝ်းၶႃႈဝႆႉ၊ တေပွႆႇပၼ်ယူႇ ၊ပ
552.png,ယဝ်ႉၵေႃႈ ၸႂ်ႉႁဝ်းၶႃႈလူင်းလၢႆးမိုဝ်းဝႆႉတီႈလုမ်းသေ ပွႆႇတူဝ်ႁဝ်းၶိုၼ်း ပွၵ်ႈမႃးၶႃႈ
553.png,ၵူၺ်းၵႃႈ တေႃႇထိုင်မိူဝ်ႈလဵဝ်ၼႆႉ ပႆႇႁၼ်သူင်ႇမႃး ပႆႇႁၼ်ပွၵ်ႈမႃးၶိုၼ်းၶႃႈဢေႃႈ။
554.png,မိူဝ်ႈပလိၵ်ႈၶဝ် ႁွင်ႉႁဝ်းၶႃႈၵႂႃႇတီႈလုမ်းၼၼ်ႉတႄႉ ၶဝ်ၶင်ဝႆႉပေႃးႁိုင်မွၵ်ႈ 3 လိူၼ်
555.png,ႁဝ်းၶႃႈ ပဵၼ်ဢၼ်မႆႈၸႂ် တႄႉတႄႉဝႃႈဝႃႈၶႃႈဢေႃႈ။
556.png,တေႃႇထိုင် ယၢမ်းလဵဝ် ပဵၼ်5 လိူၼ်ပၢႆယဝ်ႉၶႃႈဢေႃႈ ပႆႇလႆႈငိၼ်းၶၢဝ်ႇငၢဝ်းဝႃႈသင်မႃးထႅင
557.png,ၼၢင်းသႅင်ပွႆးၼႆႉ ပဵၼ်လုၵ်ႈယိင်း လုင်းလၢႆးသႅင် ပႃႈၼၢင်းလႃႉၶိၼ်ႇ ၸႃႇတိ ဝၢၼ်ႈၸၶၢၼ်း
558.png,ပေႃႈမႄႈပီႈၼွင်ႉၸိူဝ်ႉၶိူဝ်းၵေႃႈ ဢမ်ႇမီးသုၼ်ႇလႆႈၵႂႃႇႁူပ်ႉထူပ်းမၼ်းၼၢင်း။
559.png,တူဝ်မၼ်းၼၢင်းထုၵ်ႇၵုမ်းဝႆႉတီႈလႂ်ၵေႃႈ ဢမ်ႇႁူႉ ဝႃႈၼႆ။
560.png,ၼၢင်းသႅင်ပွႆးၼႆႉ ၶဝ်ႈၵႂႃႇႁဵတ်းၵၢၼ် မိူင်းၶႄႇ မွၵ်ႈ 14-15 ပီယဝ်ႉ။
561.png,ၵူၺ်းၵႃႈ ၶဝ်ႈဢွၵ်ႇၵႂႃႇမႃးၼႂ်းမိူင်းတႆး မိူင်း ၶႄႇ ယူႇတႃႇသေႇ။
562.png,ယဝ်ႉၵေႃႈ တႄႇၼႃႈႁိူၼ်း တၢင်းၾင်ႇမိူင်းၶႄႇဝႆႉသေ မီးလုၵ်ႈဢွၼ်ႇဝႆႉ သွင်ၵေႃႉ -ပႃႈၼၢင
563.png,သင်ဝႃႈ ၽူႈလႂ် ၽႂ်ထူပ်းႁၼ် မၼ်းၼၢင်းၼႆ ၸွႆႈမွၵ်ႇပၼ်သေ ႁႂ်ႈပွင်ႇၶၢဝ်ႇၸူးထိုင် တီႈတ
564.png,ၼၢင်းသီၼူၼ်း မေႃယႃတီႈႁူင်းယႃ ၸႄႈဝဵင်းမိူင်းပၼ်ႇ လၢတ်ႈတီႈၽူႈတွႆႇႁွၵ်ႈဝႃႈ “မိူဝ်ႈတ
565.png,ငိုၼ်းတၢင်းလူႇဢၼ်လႆႈဝႆႉသမ်ႉ 400 သႅၼ်ပျႃး၊ တိုၵ်ႉလူဝ်ႇထႅင်ႈ မွၵ်ႈ 300 သႅၼ်ပျႃးၼႆ
566.png,ၽႅၼ်ၵၢၼ်တႃႇ တင်ႈႁူင်း ၶိူင်ႈၸၢၵ်ႈဢွၵ်ႊသီႊၵျိၼ်ႊ ဢၢၼ်းဝႆႉ 1500 သႅၼ် ပဵၼ်သႅၼ်းယႂ်ႇ
567.png,“ၵွပ်ႈၼႆလႄႈ ၸင်ႇလႆႈတိုၵ်းသူၼ်း ၵူၼ်းၼႂ်းၸႄႈတွၼ်ႈလၢင်းၶိူဝ်း တင်းသဵင်ႈ ၶႂ်ႈႁႂ်ႈ သ
568.png,ဢမ်ႇဝႃႈ ပီႈၼွင်ႉႁဝ်းၶႃႈ ၸိူဝ်းမီးယူႇမိူင်းၵႆ တၢင်ႇတီႈၸိူဝ်းၼႆႉၵေႃႈ ႁူမ်ႈႁႅင်းၵၼ
569.png,ယၢမ်းလဵဝ် ၼႂ်းၸႄႈတွၼ်ႈလၢင်းၶိူဝ်းၼႆႉ မီးၵူၼ်းတိတ်းၸပ်းၸိူဝ်ႉမႅင်းတၢင်းပဵၼ် ၶူဝ်ႊ
570.png,ၼႂ်းၸႄႈတွၼ်ႈလၢင်းၶိူဝ်းၼႆႉ မီးၸႄႈဝဵင်းလၢင်းၶိူဝ်း၊ ၸႄႈဝဵင်းမွၵ်ႇမႂ်ႇ၊ ၸႄႈဝဵင်းမိ
571.png,ၸၢႆးလႅင်း/ ၵူၼ်းၵေးသီး ပၢႆႈၽေးသိုၵ်း ထိုင်ႈဝၢၼ်ႈထီႇ လၢႆးၶႃႈ
572.png,ၸိူဝ်းၶဝ် 60 ပၢႆၼႆႉၶဝ်မႃးသွၼ်ႈယူႇတီႈႁိူၼ်းပီႈၼွင်ႉၽႂ်မၼ်းၼႂ်းဝဵင်းလၢႆးၶႃႈ လႆႈၶၢဝ
573.png,ၽူႈၸွႆႈထႅမ် ၵူၼ်းပၢႆႈၽေး တီႈလၢႆးၶႃႈ ၵေႃႉၼိုင်ႈ လၢတ်ႈတီႈၽူႈတွႆႇႁွၵ်ႈဝႃႈ “ၵူၼ်းပၢႆ
574.png,ၶဝ်ၵေႃႈတေႁူႉဝႃႈ ပေႃးပွၵ်ႈမိူဝ်းၵေႃႈ တေဢမ်ႇမီးလွင်ႈႁူမ်ႇလူမ်ႈ ၼႆၶႃႈဢေႃႈ”- ဝႃႈၼႆ။
575.png,ၵူၼ်ပၢႆႈၽေးသိုၵ်း ဢၼ်ပၢႆႈႁွတ်ႈထိုင်တီႈဝၢၼ်ႈထီႇ ၼႂ်းဝၼ်းတီႈ 5 ၼႆႉၼၼ်ႉ ၶဝ်လႆႈယိုၼ်
576.png,ယၢမ်းလဵဝ် ၵူၼ်းဝၢၼ်ႈထီႇလႆႈၶိုင်ဝႆႉပၼ်တီႈလိၼ်တႃႇႁဵတ်းႁိူၼ်းယူႇသဝ်းယဝ်ႉ၊ တေလႆႈယူႇ
577.png,ၸၢႆးလႅင်း/ ၵူၼ်းၵေးသီး ပၢႆႈၽေးသိုၵ်း ထိုင်ႈဝၢၼ်ႈထီႇ လၢႆးၶႃႈ
578.png,“ၸိူဝ်းၶဝ် တေယူႇၸွမ်းၵူၼ်းဝၢၼ်ႈထီႇၵႂႃႇ တႃႇ 60 လင်ၶႃးႁိူၼ်းဢေႃႈ။
579.png,တွၼ်ႈတႃႇ ၶဝ် တေယူႇၵႂႃႇၼၼ်ႉ လႆႈတတ်းလွၵ်းလိၼ်ဝႆႉပၼ်ၶဝ်တႃႇ 50 လွၵ်းယဝ်ႉ ။
580.png,ၼိုင်ႈၼႃႈႁိူၼ်းၼိုင်ႈလွၵ်းၶႃႈ။
581.png,ယၢမ်းလဵဝ် ဢၼ်လူဝ်ႇတၢင်း ၸွႆႈထႅမ်တႄႉ တေပဵၼ်လဵၵ်းၽိူၵ်ႇတႃႇမုင်း တႃႇပူၵ်းသၢင်ႈႁိူၼ
582.png,ယၢမ်းလဵဝ်ၶဝ်ပႆႇမီးႁိူၼ်းယူႇလႄႈၶဝ်လႆႈယူႇဝႆႉတီႈၸလွပ်ႈၵဝ်ႇတီႈဝၢၼ်ႈထီႇၶႃႈဢေႃႈ။
583.png,ၵမ်ႈၽွင်ႈၵေႃႈ ၼွၼ်းၼိူဝ်ထူဝ်ႈ ၼိူဝ်ၵႃးဝႆႉၶႃႈဢေႃႈ ”- ၽူႈၸွႆႈထႅမ် ၵူၼ်းပၢႆႈၽေး လၢတ
584.png,တီႈဝၢၼ်ႈထီႇၼႆႉ မီးၵူၼ်းပၢႆႈၽေးသိုၵ်း မႃးယူႇဝႆႉ 2 ၸုပ်ႈ ပႃးၼႆႉ။
585.png,ပဵၼ်ၵူၼ်းပွတ်းၵေးသီးလွၼ်ႉလွၼ်ႉ။
586.png,ၸုပ်ႈၵမ်းဢွၼ်တၢင်း မီးလင်ၶႃးႁိူၼ်းမွၵ်ႈ 40 ပၢႆ။
587.png,ၸိူဝ်းၶဝ် ၵႂႃႇတၢင်ႈဝၢၼ်ႈမႂ်ႇ ႁိမ်းဝၢၼ်ႈထီႇသေယူႇသဝ်း။
588.png,သႂ်ႇၸိုဝ်ႈဝၢၼ်ႈဝႃႈ ဝၢၼ်ႈမႂ်ႇတိုၼ်းလီ။
589.png,ဢၼ်ပၢႆႈမႃးၸုပ်ႈ 2 ၼႆႉတႄႉ ဢမ်ႇၵႂႃႇယူႇၸွမ်းၶဝ်၊ တေယူႇၸွမ်းၵူၼ်းဝၢၼ်ႈထီႇၵူၺ်း လႆႈႁ
590.png,တႄႇဢဝ် ဝၼ်းတီႈ 1/6/2021 ၼၼ်ႉမႃး သိုၵ်း  တင်း  ပဵၼ်ပၢင်တိုၵ်း ၵၼ်ႁၢဝ်ႈႁႅင
591.png,လိူဝ်ၼၼ်ႉ မိူဝ်ႈဝႃး ဝၼ်းတီႈ 11/8/2021 ၼၼ်ႉၵေႃႈ  တင်း  ပဵၼ်ပၢင် တိုၵ်းၵၼ်
592.png,-   တီႈတႃႈၶီႈလဵၵ်း
593.png,ပဵၼ်ၽူႈယိင်း ၵေႃႉၼိုင်ႈ ၸိုဝ်ႈ မမႃႇမႃႇဝိၼ်း ဢႃယု 28 ပီ လႄႈတင်း ၽူႈၸၢႆးၵေႃႉၼိုင်ႈ
594.png,ၾၢႆႇပၢႆးယူႇလီ ၵပ်းၸူးတီႈမၢႆႈၾူၼ်းဢၼ်ၶႃသွင်ၵေႃႉပၼ်ဝႆႉၼၼ်ႉၵေႃႈၵပ်းသိုပ်ႇဢမ်ႇလႆႈ ပဵ
595.png,“ၵပ်းတူၺ်းမၢႆၾူၼ်းဢၼ်ၶဝ်ပၼ်ဝႆႉၼၼ်ႉၵေႃႈ ၵပ်းဢမ်ႇလႆႈ ။
596.png,လူဝ်ႇယူႇတီႈႁူင်းယႃသေ ႁႂ်ႈၾၢႆႇပၢႆးယူႇလီၶဝ်ၸွႆႈတူၺ်း ၸွႆႈယူတ်းယႃပၼ်လီလီၵူၺ်းႁဵတ်း
597.png,ပေႃးတေဝႃႈတႄႉတႄႉမၼ်း ၵူၼ်းပဵၼ်ၶူဝ်ႊဝိတ်ႉ ဢမ်ႇထိုင်တီႈလူဝ်ႇလႅၼ်ႈပၢႆႈလေႃႇ။
598.png,ပေႃးၶဝ်လႅၼ်ႈပၢႆႈၸိူင်ႉၼႆ  ၸၢင်ႈႁဵတ်းႁႂ်ႈပိူၼ်ႈမႃးၸပ်းမႅင်းတီႈၶဝ်ၼမ်ထႅင်ႈၵူၺ်းဢေ
599.png,ပၢႆလိူဝ်တီႈတႃႈၶီႈလဵၵ်းၼႆႉ ၵူၼ်းၸပ်းၶူဝ်ႊဝိတ်ႉ ၼမ်ၼႃႇၶႃႈ တလဵဝ် ”  ၾၢႆႇပၢႆးယူႇလီလ
600.png,မိူဝ်ႈဝႃးဝၼ်းတီႈ 11/8/2021 ဝၼ်းလဵဝ် ၵူၼ်းတိတ်းၸပ်းတၢင်းပဵၼ်တီႈတႃႈၶီႈလဵၵ်း မီး 72
601.png,“မိူဝ်ႈဝႃးၵူၼ်းၸပ်းတၢင်းပဵၼ်ၶူဝ်ႊဝိတ်ႉ တီႈတႃႈၶီႈလဵၵ်းမီး 72 ၵေႃႉ။
602.png,တီႈ   ၼႆႉၵူၺ်းမီးယူႇ 59 ၵေႃႉ ပႃးဢၼ်လၵ်ႉပၢႆႈ 2 ၵေႃႉၼၼ်ႉၼေႃႈ။
603.png,ၶဝ်လၵ်ႉပၢႆႈၸိူင်ႉၼႆႉၽေးၼမ်ဢေႃႈ ။
604.png,ပႃးတင်းတႃႇတူဝ်ၶဝ်လႄႈ တႃႇၵူၼ်းႁိမ်းႁွမ်းၶဝ်ၼၼ်ႉယဝ်ႉၶႃႈ” ဝႃႈၼႆ။
605.png,တီႈဝဵင်းတႃႈၶီႈလဵၵ်းလႅၼ်လိၼ် တႆး-ထႆးၼႆႉ ၵူၼ်းတိတ်းၸပ်းတၢင်းပဵၼ်ၶူဝ်ႊဝိတ်ႉ မီးထိုင
606.png,ၵူၼ်းၸပ်းတၢင်းပဵၼ်သေ လၵ်ႉပၢႆႈဢွၵ်ႇဢွင်ႈတီႈၵၵ်းၶင်တူဝ်ယူတ်းယႃၵေႃႈၵမ်းၵမ်းမီး ပေႃ
607.png,တၢႆယွၼ်ႉတၢင်းပဵၼ်မီး 30 ၵေႃႉယဝ်ႉ။
608.png,ၸဝ်ႈၶူး ၵုလိသ/ သင်ၶၸဝ်ႈ တီႈၵဵင်းတုင်
609.png,တႄႇဢဝ် ဝၼ်းၶဝ်ႈဝႃႇသႃ ဝၼ်းတီႈ 23/7/2021 မႃး တေႃႇထိုင် ယၢမ်းလဵဝ် ၸွမ်းဝတ်ႉ/ ၵျွင်း
610.png,ၸဝ်ႈၶူး ၵုလိသ ၾၢႆႇယိပ်းငိုၼ်း လုမ်းသင်ႇၶႃႇၸိုင်ႈတႆး ပွတ်းဢွၵ်ႇၶူင်း လၢတ်ႈတီႈၽူႈတ
611.png,တႃႇႁႄႉၵင်ႈတၢင်းပဵၼ် ၶူဝ်ႊဝိတ်ႉ 19 ယႃႇႁႂ်ႈၽႄႈလၢမ်းတိတ်းၸပ်းၵၼ်ဝႃႈၼႆ။
612.png,ၼႂ်းဝၼ်းသိလ် ဝၼ်းထမ်း တၵ်ႉၵႃႇ ၵေႃႈ ဢမ်ႇမႃးၼွၼ်း။
613.png,တၵ်ႉၵႃႇၶဝ် မႃးလူႇတၢၼ်းၽႂ်မၼ်းသေ ပွၵ်ႈမိူဝ်းၶိုၼ်းတႄႉ မီးယူႇ။
614.png,မၢင်ဝတ်ႉၵေႃႈ ပိၵ်ႉဢိုတ်းၽၵ်း တူဝႆႉ ဢမ်ႇပၼ်ၵူၼ်းၶဝ်ႈလႃးလႃး ၵေႃႈမီး ယွၼ်ႉတၢင်းပဵၼ
615.png,မၢင်ဝတ်ႉမၢင်ၵျွင်း တၵ်ႉၵႃႇ ဝၢၼ်ႈလႂ် ဝၢၼ်ႈၼၼ်ႉ ႁူမ်ႈၵၼ် လူႇတၢၼ်းငိုၼ်းဝႆႉ တႃႇၶဝ်ႈ
616.png,တၵ်ႉၵႃႇသတ်ႉထႃး ၵဵင်းတုင် ၵေႃႉၼိုင်ႈ လၢတ်ႈတီႈၽူႈတွႆႇႁွၵ်ႈဝႃႈ “တၢင်းပဵၼ်ၼႆႉ တုမ်ႉယ
617.png,ၵွပ်ႈၼႆလႄႈ ႁဝ်းၶႃႈၵေႃႈ သိုဝ်ႉ ၶဝ်ႈသၢၼ် ၽၵ်းႁႅင်ႈ ၸိူဝ်းၼႆႉ ၵႂႃႇလူႇတၢၼ်းဝႆႉ။
618.png,ၵူဝ်သင်ၶၸဝ်ႈ လႆႈယၢပ်ႇၽိုတ်ႇတႃႇသုင်းတႃႇၵိၼ်၊ မၢင်ဝတ်ႉၵေႃႈ ဢိုတ်းၽၵ်းတူ ႁၢမ်ႈၵူၼ်
619.png,ၵူၺ်းၵႃႈ ၵမ်ႈၼမ် တီႈၵဵင်းတုင် ဝတ်ႉလႂ် ဝတ်ႉၼၼ်ႉတႄႉ မီးတၵ်ႉၵႃႇၽႂ်မၼ်း ဝႆႉယူႇလႄႈ ယ
620.png,ဢၼ်လီႈမႆႈၸႂ် ထႅင်ႈလွင်ႈၼိုင်ႈတႄႉ ပဵၼ်တိူၵ်ႈသွၼ်လိၵ်ႈသင်ၶၸဝ်ႈ ၊ ၵူဝ် မီးၵူၼ်းပဵၼ်
621.png,မိူဝ်ႈဝၼ်းတီႈ 2/8/2021 ၼၼ်ႉ ၽူႈၵွၼ်းဝတ်ႉဝၢၼ်ႈၼွင်သႅၼ် ဢိူင်ႇၵၢတ်ႇထၢႆႈ ၼၼ်ႉၵေႃႈ လ
622.png,ယၢမ်းလဵဝ် ၼႂ်းၸႄႈဝဵင်းၵဵင်းတုင်ၼႆႉ ၵူၼ်းတိတ်းၸပ်း ၸိူဝ်ႉမႅင်းတၢင်းပဵၼ် ၶူဝ်ႊဝိတ်
623.png,မိူဝ်ႈၼႆႉ ဝၼ်းတီႈ 11 ယၢမ်းၵၢင်ၼႂ် ၵူတ်ႇထတ်းႁၼ် ၵူၼ်းတိတ်းၸပ်း ၸိူဝ်ႉမႅင်း 34 ၵေ
624.png,/ သိတ်ႇယႃၶႃႈမူင်ႈမႅင်း ၼႂ်းဝဵင်းသီႇပေႃႉ
625.png,ဝၼ်းတီႈ 10/8/2021 ၼႆႉ ၼႂ်းၸႄႈဝဵင်းသီႇပေႃႉ ၸႄႈတွၼ်ႈၵျွၵ်ႉမႄး ၸိုင်ႈတႆးပွတ်းႁွင်ႇ
626.png,ၸုမ်းၸွႆႈထႅမ် ပရႁိတ ၸႄႈဝဵင်းသီႇပေႃႉ လၢတ်ႈတီႈၽူႈတွႆႇႁွၵ်ႈဝႃႈ “ၸႂ်ႈၶႃႈဢေႃႈ မိူဝ်ႈဝ
627.png,ၵူၼ်းဢၼ်ၶိုၼ်ႈႁူင်းယႃဝႆႉ မိူဝ်ႈလဵဝ်ၼႆႉ လၢမ်းတူၺ်း တေမီးမွၵ်ႈ 180 ပၢႆ။
628.png,ပေႃးပႃးၵူၼ်းဢၼ်လူင်းႁူင်းယႃ လႄႈ ၵူၼ်းဢၼ်တၢႆၵႂႃႇၸိူဝ်းၼႆႉသမ်ႉ တင်းမူတ်း တေမီးမွၵ
629.png,ၵူၼ်းတၢႆၵူၺ်း တေမီးမွၵ်ႈ 45 ၵေႃႉၼႆႉ”- ဝႃႈ ၼႆ။
630.png,ၾၢႆႇၸွႆႈထႅမ် ၸုမ်းပရႁိတ သီႇပေႃႉ တိုၵ်းသူၼ်းထိုင်ဝႃႈ မိူဝ်ႈပႆႇပဵၼ်ႁႅင်း ၽွင်းပႆႇလ
631.png,ပေႃးထိုင်ၶၵ်ႉ တေလႆႈၸႂ်ႉၶိူင်ႈၸွႆႈထူၺ်ႈၸႂ်သေ ၸင်ႇၵႂႃႇႁူင်းယႃတႄႉ ၵူဝ် တူၵ်းလိုၼ်း
632.png,“မိူဝ်ႈလဵဝ်ၼႆႉ ဢၼ်ယူတ်းယႃတီႈႁိူၼ်းႁင်းၵူၺ်းၼၼ်ႉ ဢမ်ႇလီႁဵတ်းသေဢိတ်း သင်ဝႃႈ ႁၵ်ႉတူ
633.png,တၢင်းပဵၼ်ၼႆႉ ဢမ်ႇၸႂ်ႈမဵဝ်းလီဢၢႆ ပိူၼ်ႈၵေႃႈပဵၼ်ၵၼ်တင်းၵမ်ႇၽႃႇ။
634.png,ၶတ်းၸႂ် ႁူမ်ႈ မိုဝ်းၵၼ်တင်းၾၢႆႇပၢႆး ယူႇလီၶဝ်သေ ယူတ်းယႃသေၵမ်း။
635.png,တီႈႁူင်းယႃသီႇပေႃႉၵေႃႈ ႁဝ်းၶႃႈ ၸွႆႈထႅမ် ပၼ်ပႃး ၾၢႆႇဢွၵ်ႊသီႊၸျိၼ်ႊ ယူႇ။
636.png,ၵူၼ်းပဵၼ် ၸိူဝ်းယၢပ်ႇၸႂ် လွင်ႈၶဝ်ႈၼမ်ႉ တၢင်းၵိၼ်ၵေႃႈ ႁဝ်းၶႃႈ ၸုမ်းပရႁိတ ၸွႆထႅမ်
637.png,လွင်ႈယႃႈယႃ ဢၼ်တေလႆႈၵိၼ်လႆႈၸႂ်ႉ ၸိူဝ်းၼႆႉၵေႃႈ ႁဝ်းၶႃႈ ၸွႆႈထႅမ်ပၼ်ယူႇ ၵွပ်ႈၼႆလႄႈ
638.png,ဢိင်ၼိူဝ် တၢင်းပဵၼ်ၶူဝ်ႊဝိတ်ႉ 19 ၽႄႈလၢမ်းႁၢဝ်ႈႁႅင်း ပွၵ်ႈၵမ်းသၢမ်ၼႆႉသေ ၵူၼ်းမိူင
639.png,ဝၢႆးသေၸဝ်ႈၼႃႈတီႈပလိၵ်ႈဢိၼ်းတီးယႃး
640.png,မိူဝ်ႈၼႆႉ ဝၼ်းတီႈ 11/8/2021 ယၢမ်းၵၢင်ၼႂ် ယွၼ်ႉၾူၼ်တူၵ်းႁႅင်းသေ ၼမ်ႉႁူၺ်ႈ/ ပႃႇ လႆ
641.png,ဢူးတဵင်းထုၼ်း ၵူၼ်း တႃႈၶီႈလဵၵ်း လၢတ်ႈတီႈၽူႈတွႆႇႁွၵ်ႈဝႃႈ “ဝၢႆးသေ ၾူၼ်တူၵ်းယဝ်ႉ တင
642.png,မၢင်တီႈ ထူမ်ႈၽႅဝ်ၼႂ်းႁိူၼ်းယေး ၶူဝ်းၶွင်ၼႂ်းႁိူၼ်း လူႉသုမ်း လႆလွင်ႈၸွမ်းၼမ်ႉ။
643.png,မၢင်တီႈၵေႃႈ ႁိူၼ်းၸိူဝ်းယူႇ တႅမ်ႇၼၼ်ႉၵေႃႈ ထူမ်ႈၼမ် ၶူဝ်းႁိူၼ်းယေး လႆႈလူႉသုမ်းၸွ
644.png,တၢင်းၵၢတ်ႇ တႃႈလေႃႉၼၼ်ႉ ပဵၼ်ၵႃႈ ၶီႈၵူမ်ႇၶီႈငႂ်ႈမူတ်း။
645.png,ယၢမ်းလဵဝ် ၾူၼ်တိုၵ်ႉတူၵ်းယူႇၶႃႈ။
646.png,သင်ဝႃႈ တူၵ်း ႁႅင်းထႅင်ႈတႄႉ တေဢွၼ်ၵၼ်တုၵ်ႉၶထႅင်ႈ ၶႃႈဢေႃႈၼႆႉ”- ဝႃႈၼႆ။
647.png,ဝဵင်းတႃႈၶီႈလဵၵ်းၼႆႉ ၸဵမ်ပၢၼ်လႂ် ယွၼ်ႉၾူၼ်တူၵ်းႁၢဝ်ႈႁႅင်းသေ ၼမ်ႉလုပ်ႇၼွင်းထူမ်ႈႁ
648.png,ဝၢႆးလင်ၼႆႉမႃး ၵူၼ်းယူႇလႅၼ်လိၼ်တင်းသွင်ၾင်ႇၸိုင်ႈမိူင်း ၵႆႉၶိုၼ်ႈလွႆတႅပ်းမႆႉ ယႃႇ
649.png,ၼမ်ႉထူမ်ႈၼႂ်းႁိူၼ်းယေးၵူၼ်းဝၢၼ်ႈၼႂ်းတႃႈၶီႈလဵၵ်း
650.png,ၼမ်ႉဢၼ်လုပ်ႇထူမ်ႈၼႆႉၵေႃႈ ယွၼ်ႉပဵၼ်ၼမ်ႉႁူၺ်ႈ/ ပႃႇ လူင်းမႃး ယွၼ်ႉဝႃႈ မီးၵူၼ်းယႃႉထ
651.png,“ လႆႈဝႃႈပဵၼ်ထီႇမႃးဢေႃႈ။
652.png,တူၼ်ႈမႆႉ တႃႇတေ ၵႅတ်ႇၵင်ႈၼမ်ႉဝႆႉၼၼ်ႉၵေႃႈဢမ်ႇမီး ၵွပ်ႈၼႆလႄႈ ၼမ်ႉၼႆႉ ထူမ်ႈငၢႆႈ”- ဢ
653.png,ၾၢႆႇၼိုင်ႈၵေႃႈၼမ်ႉႁွင်ႈၼမ်ႉၵေး ၸွမ်းၼႂ်းၶူးဝဵင်းၵေႃႈ တၼ်၊ ယုၵ်း ယၵ်း ဢိုတ်းၶမ် ၼ
654.png,ၵူၼ်း တႃႈၶီႈလဵၵ်း ၵေႃႉၼိုင်ႈ လၢတ်ႈတီႈၽူႈတွႆႇႁွၵ်ႈဝႃႈ “ ပိူၼ်ႉပႅတ်ႈ ယုၵ်းယၵ်းသႂ်ႇ
655.png,မိူၼ်ၼင်ႇတီႈၶႃႈႁဝ်းယူႇၼႆႉ ႁွင်ႈလၢႆႇၼမ်ႉ လူၼ်ႉၶဝ်ႈၼႂ်းဝၢင်းႁိူၼ်းၶႃႈဢေႃႈ ။
656.png,ၵၢမ်ႇလီၶႃႈဢေႃႈ ဢမ်ႇတၼ်းၶဝ်ႈထိုင်ၼႂ်းႁိူၼ်း။
657.png,ၼမ်ႉလုပ်ႇထူမ်ႈ ၼႂ်းၸႄႈဝဵင်းတႃႈၶီႈလဵၵ်း ႁၢဝ်ႈႁႅင်းမိူဝ်ႈၼႆႉ ၵမ်ႈၼမ် ပဵၼ်ၼႂ်းပွၵ်ႉ
658.png,တၼ်းၵႅတ်ႈၵင်ႈၶိုတ်းလႄႈ”- ဝႃႈၼႆ။
659.png,ၼွၵ်ႈလိူဝ်ၼၼ်ႉ တီႈလုမ်းၾၢႆႇၵဵပ်းၶွၼ်ႇ ၸႄႈဝဵင်းတႃႈၶီႈလဵၵ်းၵေႃႈ ထုၵ်ႇၼမ်ႉထူမ်ႈ ႁၢဝ
660.png,-ၵူၼ်းၼုမ်ႇၵႃလိ ၸွႆႈထႅမ်ၶဝ်ႈၼမ်ႉတၢင်းၵိၼ်ပၼ်ၵူၼ်းမိူင်းၸိူဝ်းယၢ
661.png,မိူဝ်ႈဝၼ်းလိူၼ်လပ်း ဝၼ်းတီႈ 7/8/2021 ပူၼ်ႉမႃးၼႆႉ ၵူၼ်းၼုမ်ႇဝဵင်းၵႃလိ ႁူမ်ႈၵၼ် ၸွ
662.png,ၵူၼ်းၼုမ်ႇၵႃလိ ဢၼ်ၶဝ်ႈႁူမ်ႈၸွႆႈပႃး ၵေႃႉၼိုင်ႈ လၢတ်ႈတီႈၽူႈတွႆႇႁွၵ်ႈဝႃႈ “ ၸႂ်ႈၶႃႈဢ
663.png,လွင်ႈၵမ်ႉၸွႆႈၼႆႉတႄႉ ပီႈၼွင်ႉႁဝ်းၶႃႈ တီႈၸမ် ၵႆ ၸိူဝ်းယူႇ ၼွၵ်ႈမိူင်း/ ၼႂ်းမိူင်း
664.png,ၵူၼ်းၼုမ်ႇၵူၼ်းမိူင်း ၵႃလိ ႁူမ်ႈၵၼ်သေ ၸွႆႈထႅမ် ၵူၼ်းထူပ်းတၢင်းယၢပ်ႇၽိုတ်ႇ ယွၼ်ႉၶ
665.png,ပွၵ်ႈၵမ်းၼိုင်ႈပဵၼ်မိူဝ်ႈႁၢင်လိူၼ်ၵျုႊလၢႆႊ လႆႈၸွႆႈထႅမ်တႃႇ မွၵ်ႈ 200 လင်ၶႃးႁိူၼ်
666.png,ၼႂ်းဝၼ်းလိူၼ်လပ်း ဝၼ်းတီႈ 7 ၼႆႉသမ်ႉ လႆႈၸွႆႈၵမ်းထႅမ်ၵႂႃႇ မွၵ်ႈ 300 လင် ၶႃးႁိူၼ်း
667.png,ၵူၼ်းၼုမ်ႇ ၵႃလိ  ဢႃယုမွၵ်ႈ 30  လၢတ်ႈတီႈၽူႈတွႆႇႁွၵ်ႈဝႃႈ “တီႈၵႃလိၼႆႉ တေလႆႈဝႃႈ ၵူဝ်
668.png,မိူဝ်ႈတၢင်းပဵၼ် ပွၵ်ႈၵမ်း 1 ၵမ်း 2 ၼၼ်ႉ ဢမ်ႇၽႅဝ်မႃး ၵႃလိ။
669.png,ၽႂ်ၵေႃႈ ဢမ်ႇႁတ်းၵႂႃႇတၢင်းလႂ် ၵၢၼ်ႁႃၵိၼ်လဵင်ႉတွင်ႉၵေႃႈယၢပ်ႇ ၵမ်ႈၼမ်  ပိၵ်ႉၽၵ်းတူ
670.png,ပွၵ်ႈၵမ်း 3 ၼႆႉသမ်ႉ ထိုင်မႃးလႄႈ မၼ်းပဵၼ်ဢၼ်လီ ၵူဝ်တႄႉတႄႉၶႃႈ။
671.png,-ၵူၼ်းၼုမ်ႇၵႃလိ ၸွႆႈထႅမ်ၶဝ်ႈၼမ်ႉတၢင်းၵိၼ်ပၼ်ၵူၼ်းမိူင်းၸိူဝ်းယၢ
672.png,တၢင်းၵိၼ်ယႅမ်ႉဢၼ်ၸွႆႈထႅမ်ၵႂႃႇတႄႉပဵၼ် ၶဝ်ႈသၢၼ် ၊ ၼမ်ႉမၼ်း ၊ ၵိူဝ် ၊ ၽွင်ဝၢၼ် ၊ ပႃ
673.png,ပေႃးထိုင်မႃး ဝၼ်းလိူၼ်မူၼ်းၼႆႉ ယူႇတီႈပီႈၼွင်ႉၵႃလိ တေႁၢင်ႈႁႅၼ်းသေ လူင်းပိုၼ်ႉတီႈ
674.png,“ၶၢဝ်းတၢင်း ၶူဝ်ႊဝိတ်ႉၼႆႉ ၽႂ်မၼ်းၵေႃႈ ၼင်ႇႁိုဝ် တေႁႄႉၵင်ႈလႆႈ တၢင်းပဵၼ်ၵၼ်ၼၼ်ႉ ယႃ
675.png,ယဝ်ႉၵေႃႈ ႁႂ်ႈဢွၼ်ၵၼ်ႁဵတ်းၸွမ်း လွင်ႈပၢႆးယူႇလီၶဝ် ဢွၵ်ႇ ဝႆႉ ပၵ်းပိူင်ၼၼ်ႉသေၵမ်း”
676.png,သင်လူဝ်ႇၵႂႃႇၼႆ ႁႂ်ႈသႂ်ႇၽႃႈတူမ်းသူပ်းၵၼ် ၵႆႉလၢင်ႉမိုဝ်းပၼ်။
677.png,ၼႂ်းဝဵင်းၵႃလိၼႆႉ ၵူတ်ႇထတ်းႁၼ် ၵူၼ်းတိတ်းၸပ်း ၸိူဝ်ႉမႅင်း တၢင်းပဵၼ် ၶူဝ်ႊဝိတ်ႉ 19
678.png,ပဵၼ်ၽူႈၸၢႆး 3 ၵေႃႉလႄႈ ၽူႈယိင်း 1 ၵေႃႉ။
679.png,ပဵၼ်ၼၢင်းယိင်းလွၼ်ႉလွၼ်ႉ ပႃးလုၵ်ႈဢွၼ်ႇ ဢႃယု 5 ၶူပ်ႇၵေႃႉၼိုင်ႈ ၊ ၼႂ်း 3 ၵေႃႉၼၼ်ႉ
680.png,တီႈၸႄႈဝဵင်းၵုၼ်ႁဵင်သမ်ႉ မီးၵူၼ်းတိတ်းၸပ်း တၢင်းပဵၼ် တင်းမူတ်း 3 ၵေႃႉ။
681.png,တီႈဝဵင်းၵဵင်းတုင် ၸိုင်ႈတႆးပွတ်းဢွၵ်ႇၶူင်း ၵူၼ်းတိတ်းၸပ်းတၢင်းပဵၼ်ၶူဝ်ႊဝိတ်ႉ 19
682.png,- ၶူဝ်ႊဝိတ်ႉလၢမ်းၽႄႈလႄႈၵူၼ်းၵဵင်းတုင်ဢမ်ႇႁတ်းဢွၵ်ႇႁိူၼ်း ၵၢင်ဝဵင်း
683.png,ဝၼ်းတီႈ 11/8/2021 မိူဝ်ႈၼႆႉၵူတ်ႇထတ်းၵူၼ်းထၢင်ႇထိူမ်မိူၼ်ပဵၼ်ၶူဝ်ႊဝိတ်ႉ 90 ပၢႆ ၊ၼ
684.png,ၽူႈတူင်ႉၼိုင် ၼႂ်းတူင်ႇဝူင်းၵူၼ်း ၸႄႈဝဵင်းၵဵင်းတုင် ၵေႃႉၼိုင်ႈ လၢတ်ႈတီႈၽူႈတွႆႇ ႁ
685.png,မိူဝ်ႈဝႃးၵူၺ်း ၵူၼ်းၸပ်း 28 ၵေႃႉမိူဝ်ႈၼႆႉသမ်ႉၵူၼ်းၸပ်း 34 ။
686.png,2 ဝၼ်းၼႆႉမီးၵူၼ်းၸပ်း 60 ပၢႆယဝ်ႉၶႃႈၼႃႇ ။
687.png,ၼႂ်းဝူင်ႈ သွင်ဝူင်ႈမႃးၼႆႉ တီႈၵဵင်းတုင် ထူပ်းႁၼ်ၵူၼ်းၸပ်း ၼႂ်း ၼိုင်ႈၶိုင်ႈပၢႆ ဢၼ
688.png,ၸပ်းဝႆးတၢႆဝႆးၶႃႈတၢင်းပဵၼ်ၼႆႉ”  ဝႃႈၼႆ။
689.png,ၵွပ်ႈၼႆလႄႈ မၢင်ဝၢၼ်ႈ မၢင်ပွၵ်ႉထိုင်တီ ပိၵ်ႉဢိုတ်းလွၵ်ႉတၢဝ်းဝႆႉ ႁင်းၽႂ်မၼ်း လႆႈႁ
690.png,ၽူႈတူင်ႉၼိုင် ၼႂ်းတူင်ႇဝူင်း ၵဵင်းတုင် သိုပ်ႇလၢတ်ႈထႅင်ႈဝႃႈ “ တီႈၵဵင်းတုင်ၼႆႉ ပေႃ
691.png,ၵွပ်ႈၼႆ တၢင်းၼႂ်းဢိူင်ႇၵၢတ်ႇထၢႆႈၼၼ်ႉၵေႃႈ မၢင်ဝၢၼ်ႈ ပေႃးလႆႈ  ဝႆႉ ”- ဝႃႈၼ
692.png,ၼႂ်းၸိုင်ႈတႆးပွတ်းဢွၵ်ႇၶူင်း မိူၼ်ၼင်ႇ ၸႄႈဝဵင်းတႃႈၶီႈလဵၵ်း၊ မိူင်းယွင်း၊ မိူင်းၽ
693.png,သိုၵ်းမၢၼ်ႈဢဝ်ၵႃးထုၺ်လိၼ်မႃးထုၺ်ထႆႁိူၼ်းၵူၼ်းဝၢၼ်ႈလွႆလၢၼ်း 10 လင် ဝၼ်းတီႈ 10/8/2
694.png,ဢၼ်သိုၵ်းမၢၼ်ႈ ၶလ 41 လႃႈသဵဝ်ႈဢဝ်ရူတ်ႉၵႃးထုၺ်လိၼ်မႃး ထႆထုၺ်ယႃႉပႅတ်ႈႁိူၼ်း 10 လင်
695.png,“ၵွၼ်ႇၼႃႈတေဢဝ်ၵႃးမႃးထုၺ် မွၵ်ႈ 1 ၸူဝ်ႈမူင်းၼႆႉ ၶဝ်မႃးလၢတ်ႈဝႃႈ ၼႂ်းၶၢဝ်းတၢင်း 1 ၸ
696.png,ၶဝ်ဝႃႈၶဝ်တေႁဵတ်း ၶွၵ်ႈဝူဝ်း ၼႆဝႃႇ။
697.png,ၶဝ်ဢမ်ႇလၢတ်ႈဝႆႉလူင်ႈၼႃႈလူင်။
698.png,ၵိုင်ႈၵၢင်ႉမႃးလၢတ်ႈ ၼႂ်း 1 ၸူဝ်ႈမူင်းၼႆ ဢမ်ႇၸၢင်ႈႁဵတ်းႁိုဝ်ၶၢႆႉႁႂ်ႈယဝ်ႉၶႃႈလူး”
699.png,ၶၢဝ်းၶူဝ်ႊဝိတ်ႉ လႄႈ ၶၢဝ်းမိူင်းသုၵ်ႉၸိူင်ႉၼႆ သိုၵ်းယိုတ်းမိူင်းၵိုင်ႉၵၢင်ႉမႃးၸႂ်
700.png,သိုၵ်းမၢၼ်ႈဢဝ်ၵႃးထုၺ်လိၼ်မႃးထုၺ်ထႆႁိူၼ်းၵူၼ်းဝၢၼ်ႈလွႆလၢၼ်း 10 လင် ဝၼ်းတီႈ 10/8/2
701.png,“ႁဝ်းၶႃႈမႃးယူႇတီၼႆႈ ၸဵမ်မိူဝ်ႈပီ 1990 ပုၼ်ႉဢေႃႈ။
702.png,ၽွင်းၵူၼ်းမိူင်းယၢပ်ႇၽိုတ်ႇ ၶဝ်သမ်ႉမႃးတဵၵ်းငႅၼ်ႉႁႂ်ႈပၢႆႈၸိူင်ႉၼႆဢမ်ႇထုၵ်ႇလီပဵၼ်
703.png,ႁဝ်းၶႃႈဢမ်ႇမီးတီႈယူႇ ၽွင်းၶူဝ်ႊဝိတ်ႉၸိူင်ႉၼႆတေၵႂႃႇယူႇလႂ်။
704.png,လွင်ႈၼႆႉၶႂ်ႈႁႂ်ႈၵူၼ်းလူင် ၸၼ်ႉပႃႈၼိူဝ်ၶဝ်ႁူႉၸွမ်း ၶႃႈဢေႃႈ။
705.png,တီႈလိၼ်တူင်ႇတၢင်ႇပိုၼ်ႉတီႈ တီႈဝၢၼ်ႈလွႆလၢၼ်းၼႆႉ မိူဝ်ႈၽွင်း 1996 ၼၼ်ႉၵေႃႈသိုၵ်းမၢ
706.png,ႁဝ်းၶႃႈဢမ်ႇတၼ်းလႆႈႁၢင်ႈႁႅၼ်းသင်၊ ယၢပ်ႇၽိုတ်ႇတႄႉၶႃႈဢေႃႈ ”- ဝႃႈၼႆ။
707.png,ၵူၺ်းၵႃႈမိူဝ်ႈၼၼ်ႉတႄႉ ဢမ်ႇၸႂ်ႉၶၢႆႉ ၊ ၶိုၼ်းႁဵတ်းႁွင်ႈထႅဝ်ဝႆႉပၼ်ၵူၼ်းဝၢၼ်ႈသေ ယို
708.png,/ ဝဵင်းသႅၼ်ဝီ
709.png,မိူဝ်ႈဝႃး ဝၼ်းတီႈ 9/8/2021 ၼႆႉ ၼႂ်းၸႄႈဝဵင်းသႅၼ်ဝီ ထတ်းႁၼ် ၵူၼ်း ၸပ်းၸိူ ၶူဝ်ႊဝိတ
710.png,ၽူႈၸွႆႈထႅမ် ၸုမ်းပရႁိတ ၸႄႈဝဵင်းသႅၼ်ဝီ ၵေႃႉၼိုင်ႈ လၢတ်ႈတီႈၽူႈတွႆႇႁွၵ်ႈဝႃႈ “ မိူဝ်
711.png,ၼႂ်းၼၼ်ႉ တႃႇ 15 ၵေႃႉ ပဵၼ် ၵူၼ်းႁိူၼ်းလဵဝ်ၵၼ် ။
712.png,မိူဝ်ႈၼႆႉ ထူပ်းႁၼ်ထႅင်ႈ 8 ၵေႃႉ ၼႂ်းၸႄႈဝဵင်းသႅၼ်ဝီၼႆႉ ၵူၼ်း ၸပ်း ၶူဝ်ႊဝိတ်ႉ 19 တ
713.png,ၵူၺ်းၵႃႈ ၸိူဝ်းၵူၼ်းပဵၼ်ၶူဝ်ႊဝိတ်ႉသေ လူင်းႁူင်းယႃၵႂႃႇ သမ်ႉမိူဝ်းတၢႆတီႈႁိူၼ်း ၵေ
714.png,ၸွမ်းၼင်ႇ သဵၼ်ႈသၢႆမၢႆ ဢၼ်ၶဝ်ႈပဵၼ်တၢင်းၵၢၼ်တႄႉ ၵူၼ်းလူႉတၢႆ မီး 2 ၵေႃႉ။
715.png,မၢင်ၸိူဝ်း ဢမ်ႇတၼ်းလႆႈၸႅတ်ႈတၢင်းပဵၼ် လႆႈလူႉတၢႆ ၵေႃႈမီးလႄႈ ပေႃးႁူမ်ႈပႃးၸိူဝ်းၼၼ်
716.png,ယၢမ်းလဵဝ် ၼႂ်းၸႄႈဝဵင်းသႅၼ်ဝီ ၵူၼ်းပဵၼ် တိုၵ်ႉသိုပ်ႇယူတ်းယႃတူဝ်ဝႆႉ တင်းမူတ်းမီး 2
717.png,တႄႇဢဝ်ၼႂ်းလိူၼ်ၵျုႊလၢႆႊမႃးၼႆႉ ၼႂ်းၸႄႈဝဵင်းသႅၼ်ဝီ ၵူၼ်းမိူင်း သမ်းယႃႁႄႉၵင်ႈၶူဝ်ႊဝ
718.png,ၼႂ်းၼၼ်ႉ ၵူၼ်းထဝ်ႈ ဢႃယု 65 ပီ မႃးသမ်း ဢေႇ ၸုမ်းပရႁိတ သႅၼ်ဝီ လၢတ်ႈ။ယၢမ်းလဵဝ် ၵူၼ
719.png,: ၵူၼ်းပိုၼ်ႉတီႈ/ ၵူၼ်းပၢႆႈၽေးသိုၵ်း တီႈမိူင်းၵိုင်
720.png,တႄႇဢဝ် ႁူဝ်လိူၼ်ၵျုႊလၢႆႊမႃးတေႃႇထိုင် ႁူဝ်လိူၼ်ဢေႃႊၵတ်ႊသ် 2021 ၼႆႉ ၵူၼ်းၼႂ်းဢိူင်
721.png,ၽူႈၸွႆႈထႅမ် ၵူၼ်းပၢႆႈၽေးသိုၵ်း တီႈမိူင်းၵိုင် ၵေႃႉၼိုင်ႈ လၢတ်ႈတီႈၽူႈတွႆႇႁွၵ်ႈဝႃႈ
722.png,မိူဝ်ႈပူၼ်ႉမႃး မွၵ်ႈ 4 ဝၼ်းၼႆႉ ယူႇတီႈၾၢႆႇၽူႈၵွၼ်းၸႄႈဝဵင်းၶဝ် ၵႂႃႇ တူၺ်းမႃး တိုၵ
723.png,ပဵၼ်ၵူၼ်းထဝ်ႈလႄႈ လုၵ်ႈဢွၼ်ႇၵမ်ႈၼမ်ၼႆၶႃႈ။
724.png,ဢၼ်ပႆႇပွၵ်ႈၼၼ်ႉတႄႉ ယွၼ်ႉသဵၼ်ႈတႃႈ သၢႆတၢင်းဢုင် ၵႂႃႇမႃးယၢပ်ႇ ”- ဝႃႈၼႆ။
725.png,လိူဝ်ၼၼ်ႉတႄႉ ပွၵ်ႈၵၼ်မူတ်း ယဝ်ႉ။
726.png,လွင်ႈၼႆႉ တႃႇ ၵိၼ်ယႅမ်ႉ တႄႉ တိုၵ်ႉ လႆႈမႆႈၸႂ်ဝႆႉယူႇ ထႅင်ႈၾၢႆႇၼိုင်ႈၵေႃႈ ယွၼ်ႉ တၢင်
727.png,“လွင်ႈၵိၼ်ယႅမ်ႉတႄႉ လႆႈမႆႈၸႂ်ဝႆႉယူႇၶႃႈ ႁူဝ်ၵူၼ်းတိုၵ်ႉမီးယူႇ 100 ပၢႆ ၵူၺ်းၵႃႈ လႆႈ
728.png,ႁဝ်းၶႃႈသမ်ႉ ဢမ်ႇၸၢင်ႈတေႃႉဢဝ်ၶွင်ၵိၼ်ယႅမ်ႉၼႆႉ ၶဝ်ႈမိူဝ်းၸွႆႈယဝ်ႉ ယွၼ်ႉတၢင်းပဵၼ်ၶ
729.png,ၵူၼ်းပၢႆႈၽေးသိုၵ်း ၼႂ်းဢိူင်ႇမိူင်းၶုၼ် ဢၼ်လႆႈပၢႆႈၽေးသိုၵ်း မႃးသွၼ်ႈဝႆႉတီႈ ၼႂ်းဢ
730.png,ဢၼ်လႆႈပၢႆႈၵႂႃႇတၢင်း ၸႄႈဝဵင်းလၢႆးၶႃႈၵေႃႈမီး ယွၼ်ႉသိုၵ်း  တင်း  ပဵၼ်ပၢင်တ
731.png,မိူဝ်ႈဝၼ်းတီႈ 1/6/2021 ၼၼ်ႉ သိုၵ်း  တင်း  ပဵၼ်ပၢင်တိုၵ်းၵၼ် ႁၢဝ်ႈႁႅင်း တ
732.png,-ၶၢဝ်းတၢင်းပဵၼ်ၶူဝ်ႊဝိတ်ႉလၢမ်းၽႄႈမႃး ၸဝ်ႈၼႃႈတီႈလူင်
733.png,ဝၼ်းတီႈ 20/7/2021 တေႃႇထိုင်ဝၼ်းတီႈ 5/8/2021 ၼႆႉ ၼႂ်းၸႄႈဝဵင်းၵုၼ်ႁဵင် ၵူၼ်းၸပ်းတၢ
734.png,ၼၢင်းၶိၼ်ႇၸေႃး(ႁွင်ႉ) ၼၢင်းၸၢမ်ၶမ်း ၽူႈတႅၼ်းသၽႃးၵူၼ်းမိူင်း ဢၼ်ဢွင်ႇပေႉပၢင်လိူၵ်
735.png,ၼႂ်း ၸႄႈဝဵင်းၵုၼ်ႁဵင်ၼႆႉ တင်းမူတ်းၵူၼ်းပဵၼ် မီး 7 ၵေႃႉ ၼႂ်းၼၼ်ႉ လူႉတၢႆ ၵေႃႉၼိုင
736.png,ပဵၼ် ၽူႈယိင်း ဢႃယု 40 ပီ ၵေႃႉၼိုင်ႈ လႄႈ ဢွၼ်ႇယိင်း ဢႃယု 5 ၶူပ်ႇ ၵေႃႉၼိုင်ႈ ၼႆယဝ
737.png,မိူဝ်ႈဝၼ်းတီႈ 5/8/2021 ၼၼ်ႉ လႆႈၵူတ်ႇထတ်းႁၼ်ၸိူဝ်ႉမႅင်းတီႈ ၵူၼ်းပွၵ်ႉ 2 ၵုၼ်ႁဵင်
738.png,“ယၢမ်းလဵဝ် ၵူၼ်းၼႂ်းၸႄႈဝဵင်းႁဝ်းၶႃႈတႄႉ ၽႂ်ၽႂ်ၵေႃႈ ၵႅတ်ႇၶႄႁႄႉၵင်ႈ ႁင်းၽႂ်မၼ်းၶႃႈဢ
739.png,ယဝ်ႉၵေႃႈ ႁၢၼ်ႉၶၢႆၶူဝ်း ၸိူဝ်းၼႆႉၵေႃႈပိုတ်ႇယူႇၵမ်ႈၽွင်ႈ။
740.png,ၵူၺ်းၵႃႈ မၢင်တီႈမၢင်ႁိူၼ်းၵေႃႈ ပိုတ်ႇၶၢႆၶူဝ်းၼႆၵေႃႈ ၶၢႆၼႂ်းႁူဝ်ႉ ၵူၼ်းမႃးသိုဝ်ႉ
741.png,ယူႇတီႈၾၢႆႇၶွမ်ႊမတီႊၾၢႆႇယူတ်းယႃလႄႈ ၵႅတ်ႇၶႄႁႄႉၵင်ႈတၢင်းပဵၼ်ၶူဝ်ႊဝိတ်ႉ ၸႄႈဝဵင်းၵုၼ်
742.png,“ၸႂ်ႈၶႃႈဢေႃႈ တႄႇဢဝ် ဝၼ်းတီႈ 31 လိူၼ်ထူၼ်ႈ 7 ၼႆႉမႃး ၼႂ်းၸႄႈဝဵင်းၵုၼ်ႇႁဵင် တႄႇသမ်း
743.png,ပိူင်လူင် ႁႂ်ႈၵူၼ်းမိူင်းဢွၼ်ၵၼ်ၾၢင်ႉယူႇၾၢင်ႉၵိၼ်လႄႈ ႁႂ်ႈသႂ်ႇၸႂ်ပႂ်ႉထွမ်ႇၶၢဝ်ႇငၢ
744.png,ၵူၼ်းမိူင်းတႆး တိတ်းၸပ်းတၢင်းပဵၼ်ၶူဝ်ႊဝိတ်ႉ ၶႂ်ႈဝႃႈမီးၵူႈၸႄႊဝဵင်း။
745.png,ဢၼ်လူႉတၢႆၵေႃႈမီးၼမ်။
746.png,ၵူၺ်းၵႃႈ ႁူဝ်ၼပ်ႉမီးၵႃႈႁိုဝ်ၼႆတႄႉ ၾၢႆႇပၢႆးယူႇလီ ဢမ်ႇပိုၼ်ၽၢဝ်ႇမႃးပဵၼ်တၢင်းၵၢၼ်လ
747.png,ၵူၼ်းပိုၼ်ႉတီႈ/ ၵူၼ်းမိူင်းၼမ်ႉၶမ်း ဢၼ်ၵႂႃႇပႂ်ႉသမ်းယႃႁႄႉၵင်ႈၶူဝ်ႊဝိတ်ႉ
748.png,တင်ႈဢဝ်ႁူဝ်လိူၼ်ဢေႃႊၵတ်ႊသ် 2021 ၼႆႉမႃး တီႈဝဵင်းၼမ်ႉၶမ်း တႄႇသမ်းပၼ်ၶဵမ် ယႃႈယႃႁႄႉၵ
749.png,ၽူႈတူင်ႉၼိုင် ၼႂ်းတူင်ႇဝူင်းၵူၼ်း ၵေႃႉၼိုင်ႈ ၸႄႈဝဵင်းၼမ်ႉၶမ်း လၢတ်ႈတီႈၽူႈတွႆႇႁွၵ
750.png,ၵူဝ်ပဵၼ်ၼႆ ပဵၼ်ၼၼ်ဝႃႇ လွၵ်ႇၵၼ်၊ ဢမ်ႇမီးၶေႃႈယိုၼ်ႈယၼ်၊ ဢမ်ႇႁူႉတီႈၵႂႃႇတီႈမႃးသေ လႃ
751.png,ၼႂ်းၸႄႈဝဵင်းၼမ်ႉၶမ်းၼႆႉ ၵူၼ်းမႃးသမ်းၶဵမ်ႁႄႉၵင်ႈတၢင်းပဵၼ်ၶူဝ်ႊဝိတ်ႉ ၼိုင်ႈဝၼ်းမီး
752.png,”- ဝႃႈၼႆ။
753.png,ၵမ်ႈၼမ်ပဵၼ်ၵူၼ်းတၢင်ႇၸၢဝ်းၶိူဝ်း ၊ ဢၼ်ပဵၼ်တႆးလႄႈၵူၼ်းပိုၼ်ႉတီႈ ၵႂႃႇသမ်းၶဵမ်ဢေႇၼ
754.png,“ၼိုင်ႈဝၼ်းၼႆႉ ၵူၼ်းမႃးသမ်း မွၵ်ႈ 500 ၼႆႉၵူၺ်း။
755.png,ၵမ်ႈၼမ် ပဵၼ်ပီႈၼွင်ႉၶႄႇ ၶဝ်ဢေႃႈ။
756.png,ပီႈၼွင်ႉတႆးႁဝ်းၶႃႈတႄႉ ပႆႇႁတ်းၵႂႃႇသမ်း ၶႃႈ။
757.png,ၵွပ်ႈၼႆလႄႈ ၶႆႈတိုၵ်းသူၼ်းဝႃႈ ယႃႇႁူမဝ်၊ ယႃႇယုမ်ႇငၢႆႈ၊ လဵပ်ႈႁဵၼ်းတူၺ်းလီလီ ၊ ႁႂ်ႈ
758.png,ၼႂ်းၸႄႈဝဵင်းၼမ်ႉၶမ်းၼႆႉ ၾၢႆႇပၢႆးယူႇလီတိုၵ်းသူၼ်းႁႂ်ႈၵူၼ်းၸိူဝ်းမီး ဢႃယု 65 ပီ ၶိ
759.png,ၼႂ်းၸႄႈဝဵင်းၼမ်ႉၶမ်း တေႃႇထိုင်မိူဝ်ႈၼႆႉ ဝၼ်းတီႈ 10/8/2021 ယၢမ်းၵၢင်ၼႂ် ၵူၼ်းတိတ်
760.png,ယႃႈယႃႁႄႉၵင်ႈတၢင်းပဵၼ်ၶူဝ်ႊဝိတ်ႉ 19 ဢၼ်သမ်းပၼ်ၵူၼ်းမိူင်း ၼႂ်းမိူင်းတႆး မိူင်းမၢၼ
761.png,- ရူတ်ႉၵႃးႁူင်းယႃမိူင်းၵိုင် ၵႂႃႇတေႃႉၵူၼ်းပဵၼ်
762.png,ပဵၼ်ၵူၼ်းၼႂ်းပွၵ်ႉ 4 ဝဵင်းမိူင်းၵိုင် ၊ ၵူတ်ႇထတ်းႁၼ်ၸိူဝ်ႉမႅင်း ၶူဝ်ႊဝိတ်ႉတီႈႁိူ
763.png,ၽူႈတူင်ႉၼိုင်ၼႂ်းတူင်ႇဝူင်းၵူၼ်း ၸႄႈဝဵင်းမိူင်းၵိုင် ၵေႃႉၼိုင်ႈ လၢတ်ႈတီႈၽူႈတွႆႇႁ
764.png,ထူပ်းႁၼ်ၵူၼ်ၸပ်းတၢင်းပဵၼ်ထႅင်ႈယူႇ ဝၼ်း ၵေႃႉသွင်ၵေႃႉ ၶႃႈဢေႃႈ ”- ဝႃႈၼႆ။
765.png,ယၢမ်းလဵဝ် ၾၢႆႇပၢႆးယူႇလီ မိူဝ်းပိၵ်ႉဢိုတ်း  ဝႆႉႁိူၼ်း ၶဝ် 6 ၵေႃႉပေႃႈမႄႈလု
766.png,ၾၢႆႇၼိုင်ႈၵေႃႈမီးၶၢဝ်ႇဝႃႈ ၵူၼ်းႁိူၼ်းၼၼ်ႉၵေႃႉၼိုင်ႈ ပဵၼ်ၵူၼ်းႁေႃႈၵႃးတၢင်ႇၵုၼ်ႇ
767.png,မၼ်းၸၢႆး လႅပ်ႈတေၸပ်းတၢင်းပဵၼ်ၼႆႉ တၢင်းလႃႈသဵဝ်ႈမႃးၵေႃႈ ပဵၼ်လႆႈ ဝႃႈၼႆ။
768.png,ဢိင်ၼိူဝ်တၢင်းပဵၼ် ၶူဝ်ႊဝိတ်ႉ 19 ၽႄႈလၢမ်းႁၢဝ်ႈႁႅင်းၶိုၼ်ႈမႃး ၵူႈဝၼ်းသေ ယူႇတီႈၾၢႆ
769.png,“မိူဝ်ႈၵႆႈၼႆႉၵူၺ်း ဢူၺ်းၵေႃႉၶႃႈ လုၵ်ႉတၢင်းလၢႆးၶႃႈသေ တေမႃးမိူင်ၵိုင်ၼႆႉ ထုၵ်ႇႁၢမ်
770.png,တႄႇဢဝ် မိူဝ်ႈၼႆႉၵႂႃႇ တီႈမိူင်းၵိုင်ၼႆႉ ဢမ်ႇပၼ်ၵူၼ်းၶဝ်ႈ ရူတ်ႉၵႃးၶဝ်ႈယဝ်ႉ ဢၼ်လုၵ
771.png,လွင်ႈပိၵ်ႉဢိုတ်းႁၢမ်ႈၵူၼ်းၶဝ်ႈဢွၵ်ႇၵႂႃႇမႃးၼႆႉ တေႁိုင်တႃႇ ၶၢဝ်းတၢင်း 1 ဝူင်ႈၼႆၶႃ
772.png,ပေႃးၶဝ်ႈၵေႃႈ တေ လႆႈ ၵၵ်းတူဝ်တီႈမိူင်းၵိုင် 14 ဝၼ်းယဝ်ႉ ၸင်ႇလႆႈၵႂႃႇ။
773.png,ၼႂ်းၸႄႈဝဵင်းမိူင်းၵိုင်ၼႆႉ ၵူၼ်းတိတ်းၸပ်း ၸိူဝ်ႉမႅင်း တၢင်းပဵၼ်ၶူဝ်ႊဝိတ်ႉ 19 ပွၵ
774.png,ယၢမ်းလဵဝ် တိုၵ်ႉယူတ်းယႃတူဝ်ဝႆႉ 23 ၵေႃႉ လိူဝ်ၼၼ်ႉ လူင်းႁူင်းယႃယဝ်ႉ။
775.png,လူႉတၢႆတႄႉ ဢမ်ႇမီး ၼႆယဝ်ႉ။ဝၼ်းတီႈ 9/8/2021 ၼႂ်းၸႄႈဝဵင်းလၢႆးၶႃႈ ၸႄႈတွၼ်ႈလွႆလႅမ် ၸ
776.png,ၸုမ်းတူင်ႇဝူင်းၵူၼ်းသိတ်းၼမ်ႉယႃႈယႃၶႃႈၸိူဝ်ႉမႅင်းၸွမ်းၵၢတ်ႇလၢႆးၶႃႈ
777.png,ၼႂ်းၸႄႈဝဵင်းလၢႆးၶႃႈ တႄႇဢဝ် ဝၼ်းတီႈ 1/8/2021 တေႃႇထိုင် ဝၼ်းတီႈ 7/8/2021 တႃႇၶၢဝ်းတ
778.png,ၼႂ်းဝၼ်းတီႈ 8/8/2021 ၼႆႉသမ်ႉ ထူပ်းႁၼ် ထႅင်ႈ 1 ၵေႃႉ၊ မိူဝ်ႈၼႆႉ ဝၼ်းတီႈ 9/9/2021
779.png,လူင်းႁူင်းယႃယဝ်ႉ 7 ၵေႃႉ။
780.png,ၸၢႆးဢူၵ်ႉၵႃႇ (ႁွင်ႉ) ၸၢႆးၵွင်ၶမ်း ၽူႈတႅၼ်းသၽႃး ၸႄႈဝဵင်းလၢႆးၶႃႈ လၢတ်ႈတီႈၽူႈတွႆႇႁွ
781.png,လူင်းႁူင်းယႃၵႂႃႇၽွင်ႈသေတႃႉ မွၵ်ႈ 60 ၵေႃႉ တိုၵ်ႉယူတ်း ယႃတူဝ်ၵၼ်ဝႆႉ ယူႇၶႃႈ။
782.png,ၽူႈလူႉတၢႆ ယွၼ်ႉၶူဝ်ႊဝိတ်ႉ မီး 1 ၵေႃႉ”- ဝႃႈၼႆ။
783.png,ၼႂ်းၸႄႈဝဵင်းလၢႆးၶႃႈ ဢၼ်ၵူတ်ႇထတ်းႁၼ် ၵူၼ်းတိတ်းၸပ်းၸိူဝ်ႉမႅင်းၶူဝ်ႊဝိတ်ႉ 19 ၼမ်တီ
784.png,“ဢၼ်လီတီႈသုတ်းတႄႉ ၵူၼ်းမိူင်းႁဝ်းၶႃႈ လီဢွၼ်ၵၼ်ယူႇၼႂ်းႁိူၼ်း ပေႃးဢမ်ႇမီးလွင်ႈယႂ်ႇ
785.png,ႁႂ်ႈၸွႆႈၵၼ်လူတ်းယွမ်း တၢင်းပဵၼ် ဢၼ်ၶူဝ်ႊဝိတ်ႉ ၽႄႈၸပ်းၵၼ် ၼၼ်ႉသေၵမ်း”- ၸၢႆးဢူၵ်ႉ
786.png,ႁႂ်ႈဢွၼ်ၵၼ်ယူႇၸွမ်း ပၵ်းပိူင်ပၢႆး ယူႇလီၶဝ် ပူင်တမ်းဝႆႉၼၼ်ႉ တေလီဢေႃႈ။
787.png,ၼႂ်းလုၵ်ႈလိူၼ်ၵျူႊလၢႆႊ ပူၼ်ႉမႃးၼၼ်ႉ ၼႂ်းၸႄႈဝဵင်းလၢႆးၶႃႈ မီးၵူၼ်းတိတ်းၸပ်း တၢင်းပ
788.png,လူင်းႁူင်းယႃ 28 ၵေႃႉ လူႉတၢႆ 1 ၵေႃႉ ။
789.png,လွင်ႈပၼ်တၢင်းႁူႉတၢင်းႁၼ် ႁႂ်ႈၵူၼ်းမိူင်းၵႆယၢၼ်တၢင်းပဵၼ် ၶူဝ်ႊဝိတ်ႉ 19 ၼၼ်ႉ ၸုမ်း
790.png,ၵူၼ်းဝၢၼ်ႈ ဢၼ်ပၢႆႈမႃးသၢင်ႈဝၢၼ်ႈမႂ်ႇၼၼ်ႉ ၵေႃႉၼိုင်ႈ လၢတ်ႈတီႈၽူႈတွႆႇႁွၵ်ႈဝႃႈ -“တၢင
791.png,ဝၢၼ်ႈမႂ်ႇတီႈၵူၼ်းပၢႆႈၽေးသိုၵ်း ၵေးသီး မႃးယူႇသဝ်းတီႈ ဝၢၼ်ႈထီႇၼႂ်းဝဵင်းလၢႆးၶႃႈ
792.png,ၽၵ်းၶဵဝ်တႄႉ ၵႂႃႇယွၼ်း လူႇၶၢမ်ႇၼႂ်းဝၢၼ်ႈမႃးၵိၼ် ယွၼ်ႉၸမ်ဝၢၼ်ႈဝႆႉၶႃႈဢေႃႈ”- ဝႃႈ ၼႆ
793.png,ယၢမ်းလဵဝ် ပိူင်လူင်ယၢပ်ႇၽိုတ်ႇတႃႇပၢႆးယူႇလီ၊ ပၢႆးပၺ်ႇၺႃႇ တႃႇလုၵ်ႈဢွၼ်ႇ လႄႈ တႃႇပူၵ
794.png,“ဢၼ်လမ်လွင်ႈသုတ်းတႄႉ ပၢႆးယူႇလီ ပၢႆးပၺ်ႇၺႃႇ ၸိူဝ်းၼႆႉ။
795.png,ယႃႈယႃ ၸိူဝ်းၼႆႉတႄႉ ၼင်ႇဢၼ် ယိုၼ်းထိုင်လႆႈ ၼၼ်ႉ ၵေႃႈ သိုဝ်ႉဝႆႉ။
796.png,ၵၢၼ်တႄႇတင်ႈ ဝၢၼ်ႈမႂ်ႇၼႆႉ ဢၼ်လမ်ႇလွင်ႈမၼ်းၵေႃႈ မႆႉ လဵၵ်းမုင်း ၸိူဝ်းၼႆႉ လူဝ်ႇတင်
797.png,ၵူၼ်းၵေးသီး ဢၼ်ပၢႆႈၽေးသိုၵ်း လူင်းမႃးထိုင်တၢင်းလၢႆးၶႃႈၼႆႉ မႃးတႄႇဝၢၼ်ႈယူႇသဝ်းတီႈဝ
798.png,ပဵၼ်ဝၢၼ်ႈမႂ်ႇလႄႈ ယၢမ်းလဵဝ်တႄႉ ယၢပ်ႇၽိုတ်ႇတႃႇယူႇသဝ်းၵိၼ်သၢင်ႈ။
799.png,“ႁဝ်းၶႃႈ ပဵၼ်ၵူၼ်း ဝၢၼ်ႈၼႃးတုၼ်ႇ၊ ၵုင်း ၵႅတ်ႇ၊ ၵုင်းၵၢင် ၸႄႈဝဵင်းၵေးသီး ၶႃႈဢေႃႈ။
800.png,ႁူဝ်ၵူၼ်းတႄႉ တေမီး 61 ၵေႃႉ လင်ႁိူၼ်းတေမီး 50 လင် ယၢမ်းလဵဝ် မႃးႁဵတ်းႁွင်ႈသေ ႁူင်
801.png,ၵူၼ်းဝၢၼ်ႈ ၸိူဝ်းၼႆႉ ပၢႆႈၽေး ပၢင်တိုၵ်းသိုၵ်းသိူဝ် ၼႂ်းၵႄႈ သိုၵ်း  တင်း
802.png,ၸိူဝ်းၶဝ်ဢမ်ႇႁတ်းပွၵ်ႈၶိုၼ်းဝၢၼ်ႈၵဝ်ႇမိူင်းလင်လႄႈ ၸင်ႇႁဵတ်းဝၢၼ်ႈမႂ်ႇသေ ယူႇသဝ်းၵ
803.png,တီႈဝတ်ႉ/ ၵျွင်းမူဝ်းၵူတ်ႉဝိပသၼႃႇ တီႈတိုဝ်းၵမ်တြႃး ၸႄႈဝဵင်းမူႇၸေႊ ၸိုင်ႈတႆး ပွတ်း
804.png,/ တီႈဝတ်ႉမူဝ်းၵူၵ်ႉ ဝိပသၼႃႇ ဢွင်ႈတီႈတိုဝ်းၵမ်တြႃး မူႇၸေႊ
805.png,မိူဝ်ႈဝႃး ဝၼ်းတီႈ 8/8/2021 တီႈဝတ်ႉ/ ၵျွင်းမူဝ်းၵူတ်ႉဝိပသၼႃႇ (ၵျွင်းၵွင်းဝႅတ်ႈ) ၸ
806.png,ၽူႈၸွႆႈထႅမ် ၸုမ်းတူင်ႇဝူင်းၵူၼ်း သတ်ႉထႃႇၽိဝ်ႇၸိၼ်ႇ ပရႁိတ မူႇၸေႊ ၵေႃႉၼိုင်ႈ လၢတ်ႈ
807.png,ယွၼ်ႉဝႃႈ မိူဝ်ႈပူၼ်ႉမႃး ဝၼ်းသွင်ဝၼ်းၼႆႉ ၼၢႆးၶၢဝ် တီႈၵျွင်းၼႆႉၸဝ်ႈၼိုင်ႈ လူႉလွၼ်
808.png,မိူဝ်ႈဝၼ်းတီႈ 7/8/2021 ၼၼ်ႉ ၼၢႆးၶၢဝ် ၸဝ်ႈၼိုင်ႈ တီႈဝတ်ႉဝိပသၼႃႇၼႆႉ လႆႈလူႉတၢႆ ယွၼ
809.png,/ တီႈဝတ်ႉမူဝ်းၵူၵ်ႉ ဝိပသၼႃႇ ဢွင်ႈတီႈတိုဝ်းၵမ်တြႃး မူႇၸေႊ
810.png,ဝၢႆးၼၼ်ႉ ၽူႈမီးပုၼ်ႈၽွၼ်း၊ ၾၢႆႇပၢႆးယူႇလီ၊ ၸုမ်းၸွႆႈထႅမ်ပရႁိတ ၸင်ႇမႃးၵူတ်ႇ ထတ်း
811.png,“ယူႇတီႈႁဝ်းၶႃႈ ထၢင်ႇတႄႉ ၵွၼ်ႇၼႃႇ တေတိတ်းၸပ်းတၢင်းပဵၼ်ၼႆႉ မီးၸဝ်ႈၶၢဝ်/ ၼၢႆးၶၢဝ် ၵ
812.png,ယၢမ်းလဵဝ် ၵူၼ်းပဵၼ် 58 တူၼ်/ ၵေႃႉၼႆႉ လႆႈသူင်ႇယူတ်းယႃတူဝ်ဝႆႉ တီႈႁူင်းယႃလူင် ၸႄႈဝဵ
813.png,လိူဝ်ၼၼ်ႉ တီႈဝတ်ႉမူဝ်းၵူၵ်ႉဝိပသၼႃႇ ၼၼ်ႉၵေႃႈ လႆႈထုၵ်ႇ ပိၵ်ႉဢိုတ်း  ဝႆႉ ၸ
814.png,မိူဝ်ႈဝႃး ဝၼ်းတီႈ 8 ၼႆႉ ယူႇတီႈ ၸုမ်းၸွႆႈ ထႅမ် ပရႁိတ မူႇၸေႊ ၵႂႃႇသိတ်ႇယႃၶႃႈမူင်ႈမ
815.png,-ႁၢင်ႈတၢင်းၶဝ်ႈဝဵင်းၼမ်ႉၶမ်း
816.png,မိူဝ်ႈၼႆႉ ဝၼ်းတီႈ 9/8/2021 ယၢမ်းၵၢင်ၼႂ် မွၵ်ႈ 10 မူင်း မီးၵူၼ်းသွင်ၵေႃႉ မႃးပွႆႇမ
817.png,ၵူၼ်းၼမ်ႉၶမ်း ၵေႃႉၼိုင်ႈ လၢတ်ႈတီႈၽူႈတွႆႇႁွၵ်ႈဝႃႈ “ၸႂ်ႈၶႃႈဢေႃႈ မီးၵူၼ်းသွင်ၵေႃႉ ၶ
818.png,ဢွင်ႈတီႈ ဢၼ်မၢၵ်ႇတႅၵ်ႇ တီႈလုမ်းၸယၽ လႄႈတင်း ဢွင်ႈတီႈသမ်းၶဵမ် ယႃႈယႃႁႄႉၵင်ႈတၢင်းပဵၼ
819.png,လွင်ႈတုမ်ႉတိူဝ်ႉ ၵူၼ်းမၢတ်ႇၸဵပ်းလူႉတၢႆ တႄႉ ဢမ်ႇမီး”- ဝႃႈၼႆ။
820.png,“ဢွင်ႈတီႈမၢၵ်ႇတႅၵ်ႇၼၼ်ႉသေ တင်းဢွင်ႈတီႈၵူၼ်းမိူင်းႁဝ်းၶႃႈ မႃးသမ်းယႃႁႄႉၵင်ႈၵၼ်ၼႆႉ
821.png,ဢွင်ႈတီႈ သမ်းယႃၼၼ်ႉသမ်ႉ ပဵၼ်တီႈႁူင်းႁေႃးသိူဝ်ၽိူၵ်ႇၶႃႈ”- ၵူၼ်းပိုၼ်ႉတီႈ ၼမ်ႉၶမ်
822.png,ၼႂ်းၸႄႈဝဵင်းၼမ်ႉၶမ်းၼႆႉ ၵႆႉမီးလွင်ႈမၢၵ်ႇတႅၵ်ႇယူႇတႃႇသေႇလႄႈ ႁဵတ်းႁႂ်ႈၵူၼ်းၼႂ်းပိုၼ
823.png,“လွင်ႈမၢၵ်ႇတႅၵ်ႇၼႂ်းၼမ်ႉၶမ်းၼႆႉ မၼ်းၶႂ်ႈလိုၼ်ႈႁူၵႂႃႇၵၼ်မူတ်းယဝ်ႉ လွင်ႈတူၵ်းၸႂ် ၵ
824.png,ယွၼ်ႉဝႃႈ ၼႂ်းၼမ်ႉၶမ်းၼႆႉ မၼ်းၵႆႉမီးလွင်ႈမၢၵ်ႇတႅၵ်ႇ ၵူၼ်းမိူင်းၵႆႉလႆႈငိၼ်းၵၼ်ယူႇ
825.png,မိူဝ်ႈဝၼ်းတီႈ 26/6/2021 ၼၼ်ႉၵေႃႈ ၵူၼ်းမိူင်းၼမ်ႉၶမ်း ႁူဝ်ၵူၼ်း ႁဵင်ပၢႆ ဢွၼ်ၵၼ်ဢွ
826.png,မိူဝ်ႈဝၼ်းတီႈ 8/8/2021 ၼႆႉၵေႃႈ ၶွင်ႇသီႇသိုၵ်းမၢၼ်ႈတင်း သိုၵ်း  ပဵၼ်ပၢင်တိုၵ်
827.png,/ ဝဵင်းၵဵင်းတုင်  ယဵၼ်ငဝ်ယွၼ်ႉတၢင်းပဵၼ်ၶူဝ်ႊဝိတ်ႉလၢမ်းၽႄႈ
828.png,တႄႇဢဝ် ႁၢင်လိူၼ်ၵျုၼ်ႊမႃး တေႃႇထိုင် ဝၼ်းတီႈ 8/8/2021 တၢင်းပဵၼ်ၶူဝ်ႊဝိတ်ႉ 19 ပွၵ်
829.png,ၽူႈတူင်ႉၼိုင် ၼႂ်းတူင်ႇဝူင်းၵူၼ်း ၸႄႈဝဵင်းၵဵင်းတုင် ၵေႃႉၼိုင်ႈ လၢတ်ႈတီႈၽူႈတွႆႇ ႁ
830.png,ၼႂ်းဝၼ်းသဝ်ၵူၺ်း ၵူတ်ႇထတ်းႁၼ် 40 ၵေႃႉ၊ ဝၼ်းတိတ်ႉၼႆႉသမ်ႉ ၵူတ်ႇထတ်း ႁၼ်ထႅင်ႈ 35 ၵ
831.png,ၵူၼ်းပဵၼ်ၼႆႉ ၽိူမ်ႉၶိုၼ်ႈၵူႈဝၼ်းၶႃႈဢေႃႈ။
832.png,သင်ပဵၼ်လႆႈတႄႉ ၼင်ႇႁိုဝ် တၢင်းပဵၼ် ပေႃးတေဢမ်ႇ ၽိူမ်ႉၶိုၼ်ႈထႅင်ႈၼႆႉ ၽႂ်ၵေႃႈယဝ်ႉ လ
833.png,ၼႂ်းၸႄႈဝဵင်းၵဵင်းတုင် ၵူတ်ႇထတ်းႁၼ် ၵူၼ်းတိတ်းၸပ်း ၸိူဝ်ႉမႅင်းတၢင်းပဵၼ် ၶူဝ်ႊဝိတ်
834.png,မိူင်းၶၢၵ်ႇသမ်ႉ မီးၵူၼ်းတိတ်းၸပ်း 1 ၵေႃႉ လႆႈလူင်းႁူင်းယႃယဝ်ႉ။
835.png,မိူင်းယၢင်း မီးၵူၼ်းတိတ်းၸပ်း 10 ၵေႃႉ ၼႆႉတႄႉ တိုၵ်ႉယူတ်းယႃတူဝ်ဝႆႉယူႇ။
836.png,မိူင်းပဵင်း ၵူၼ်းပဵၼ် 153 ၵေႃႉ လူင်းႁူင်းယႃ 132 ၵေႃႉလႄႈ တိုၵ်ႉယူတ်းယႃ 21 ၵေႃႉ ဝ
837.png,လိူဝ်ၼၼ်ႉ ၸႄႈဝဵင်းတႃႈၶီႈလဵၵ်းသမ်ႉ ၵူၼ်းပဵၼ် 1565 ၵေႃႉ၊ လူင်းႁူင်းယႃ 1128 ၵေႃႉလႄႈ
838.png,မိူင်းယွင်း ၵူၼ်းပဵၼ် 48 ၵေႃႉ လူင်းႁူင်းယႃယဝ်ႉ 30 ၵေႃႉ တိုၵ်ႉယူတ်းယႃ 18 ၵေႃႉ။
839.png,ၸႄႈဝဵင်းမိူင်းသၢတ်ႇသမ်ႉ ၵူၼ်းပဵၼ်ၶူဝ်ႊဝိတ်ႉ မီး 46 ၵေႃႉ၊ လူင်းႁူင်းယႃယဝ်ႉ 11 ၵေႃ
840.png,လင်းခေးသူ/သားတို့စုစည်းရာ-ၸဝ်ႈၵုၼ်ႇတၢင်ႇဝဵင်းဢဝ်ၶ
841.png,ၾၢႆႇၵႅတ်ႇၵင်ႈတၢင်းပဵၼ် ၸႄႈဝဵင်းလၢင်းၶိူဝ်း ဢွၵ်ႇလိၵ်ႈပိုၼ်ၽၢဝ်ႇ ဝႃႈတႄႇဢဝ် ႁူဝ်လိ
842.png,လိူဝ်ၼၼ်ႉ ၵူၼ်းၶၢႆၶူဝ်းၵုၼ်ႇၽၵ်းယိူဝ်ႈၼၢင်းၶဵဝ် ဢၼ်လုၵ်ႉတၢင်ႇတီႈသီႇလႅၼ်မႃးၵေႃႈ လ
843.png,ၵူၼ်းၵႃႉၽၵ်းၶဵဝ်ၼႂ်းဝဵင်းသမ်ႉ လႆႈႁၢႆးငၢၼ်တီႈလုမ်းၵွၼ်းၸႄႈဝဵင်း ၊ ဢဝ်ဝႂ်ဢၼုယၢတ်ႈ
844.png,ၸၢႆးသိူဝ်ႁၢၼ် ၽူႈတူင်ႉၼိုင် ၼႂ်းတူင်ႇဝူင်းၵူၼ်း ၸႄႈဝဵင်းလၢင်းၶိူဝ်း လၢတ်ႈတီႈၽူႈတ
845.png,ႁဵတ်းၸွမ်းၼင်ႇမၢႆမီႈၾၢႆႇပၢႆးယူႇလီတမ်းဝၢင်းဝႆႉၶႃႈဢေႃႈ ”- ဝႃႈၼႆ။
846.png,တီႈဝဵင်းလၢင်းၶိူဝ်းၼႆႉ တင်ႈတႄႇၵူတ်ႇထတ်းႁၼ်ၵူၼ်းမီးၸိူဝ်ႉမႅင်းတၢင်းပဵၼ် မိူဝ်ႈဝၼ်
847.png,ၵူၼ်းၵႃႉၼႂ်းဝဵင်းလၢင်းၶိူဝ်း ၵေႃႉၼိုင်ႈ လၢတ်ႈတီႈၽူႈတွႆႇႁွၵ်ႈဝႃႈ “ မီးလၢၼ်ႉၶၢႆယႃႈ
848.png,လိူဝ်ၼၼ်ႉပိၵ်ႉမူတ်းၶႃႈ။
849.png,ၽၵ်းတူၵၢတ်ႇၵေႃႈပိၵ်ႉဝႆႉ။
850.png,ၵၢတ်ႇၽၵ်းၶဵဝ် ဢၼ်ၶၢႆႉၵႂႃႇဝႆႉ တၢင်းၵႂႃႇၵျွင်းၵမထၢၼ်းပုၼ်ႉ ၵေႃႈ ၸင်ႇႁႃမီးၵူၼ်းႁတ်
851.png,ပိူၼ်ႈ ၸင်ႇႁႃပၼ်ပိုတ်ႇၶိုၼ်းမိူဝ်ႈဝၼ်းတီႈ 1/8/2021 ၼႆႉၵူၺ်းၶႃႈၼႃႇ ။
852.png,ၼၼ်ႉၵေႃႈလႆႈၶၢႆတေႃႇထိုင်ၵၢင်ဝၼ်းတဵင်ႈၵူၺ်းၶႃႈ။
853.png,ပွၵ်ႉၽႂ်ပွၵ်ႉမၼ်းၵေႃႈမီးၸဝ်ႈၽၵ်းၶဵဝ်ယူႇၶႃႈၼႃႇ။
854.png,မၢင်ၸဝ်ႈၵေႃႈ သိုပ်ႇၽူင်းဢဝ်ၵေႃႈ ပိူၼ်ႈမႃးသူင်ႇပၼ်ထိုင်ႁိူၼ်းဢေႃႈ ဢမ်ႇမႆႈၸႂ်ၶႃႈတ
855.png,တွၼ်ႈတႃႇၵူၼ်းၼႂ်းဝဵင်းတႄႉ လွင်ႈသိုဝ်ႉၵိၼ်ယမ်ႉ ဢမ်ႇပေႃးယၢပ်ႇၸႂ်သေတႃႉ တွၼ်ႈတႃႇၵူၼ်
856.png,မိူၼ်ၼင်ႇတၢင်းဝၼ်းၼမ်ႉဢုၼ်ႇ ဢၼ်မီးတၢင်းဢွၵ်ႇမိူဝ်းမိူင်းပၼ်ႇၼၼ်ႉ  ၵူၼ်းဝၢၼ်ႈႁူမ
857.png,ၵူၺ်းၵႃႈ တွၼ်ႈတႃႇၵူၼ်းႁႃၸဝ်ႉၵိၼ်ၶမ်ႈတႄႉ ၶၢဝ်း ႁိုင်မႃးၵေႃႈ ယၢပ်ႇၽိုတ်ႇတ
858.png,- ၵူၼ်းဝၢၼ်ႈၼမ်ႉဢုၼ်ႇဝဵင်းလၢင်ၶိူဝ်း ပိၵ်ႉၽၵ်းတူဝၢၼ်ႈ ႁ
859.png,ၸၢႆးသီႁိူင်း ၵူၼ်းဝၢၼ်ႈၼမ်ႉဢုၼ်ႇလၢတ်ႈတီႈၽူႈတွႆႇႁွၵ်ႈဝႃႈ “ မီးတၢင်းယၢပ်ႇၽိုတ်ႇတႄႉ
860.png,ၵူဝ်ၵူၼ်းတၢင်ႇတီႈ ၶဝ်ႈမႃး ဢေႃႈ။
861.png,ၵူၼ်းၼႂ်းဝၢၼ်ႈၵေႃႈ ဢမ်ႇလႆႈမိူဝ်းဝဵင်းၶႃႈ။
862.png,ယွၼ်ႉႁိုင်မႃးယဝ်ႉလႄႈ တႃႇတေၵိၼ်ယႅမ်ႉ ၵႂႃႇတၢင်းၼႃႈၼႆႉ ပေႃးပဵၼ်ၼႆယူႇတိၵ်းတိုၵ်းၸို
863.png,ဢၼ် သိုဝ်ႉၵဵပ်းဝႆႉ ၶွင်ၵိၼ် တႃႇၶၢဝ်းတၢင်း 15 20 ဝၼ်းၼႆႉ ၸမ်တေမူတ်းယဝ်ႉ ။
864.png,ယၢမ်းလဵဝ် ၼႂ်းၸႄႈဝဵင်းလၢင်းၶိူဝ်း မီးၵူၼ်းတိတ်းၸပ်း ၸိူဝ်ႉမႅင်းၶူဝ်ႊဝိတ်ႉ 140 ၵေ
865.png,ၵူၼ်းတၢႆယွၼ်ႉတၢင်းပဵၼ်တႄႉ ပႆႇမီး။
866.png,ၵူၼ်းမိူင်းၽွမ်ႉၵၼ် ၵၵ်းတူဝ် ယူႇႁိူၼ်းႁဵတ်းၸွမ်းၶေႃႈၸီႉသင်ႇပၢႆးယူႇလီလႄႈ ၼႂ်းဝၼ်
867.png,ဢၼ်တိုၵ်ႉယူတ်းယႃတူဝ်ဝႆႉၵိုတ်း 55 ၵေႃႉၵူၺ်းယဝ်ႉ ။
868.png,ဢိင်ၼိူဝ် တၢင်းပဵၼ်ၶူဝ်ႊဝိတ်ႉ 19 ၽႄႈလၢမ်းႁၢဝ်ႈႁႅင်းၼႆႉသေ ၼႂ်းဝဵင်းၶူဝ်လမ် ၸိုင်ႈ
869.png,လိူဝ်ၼၼ်ႉ ယူႇလီၶႅၼ်းၸိုၼ်ႈယဝ်ႉလႄႈ ပွၵ်ႈႁိူၼ်းၶိုၼ်း ၽႂ်မၼ်းယဝ်ႉ။
870.png,-ၵၢင်ဝဵင်းၶူဝ်လမ်
871.png,တႄႇဢဝ်ႁူဝ်လိူၼ်ဢေႃႊၵတ်ႉသ်ၼႆႉမႃး ၾၢႆႇၵႅတ်ႇၵင်ႈတၢင်းပဵၼ်ၶူဝ်ႊဝိတ်ႉ 19 တီႈၵိင်ႇၸႄႈဝ
872.png,ၵူၼ်းႁေႃႈၵႃးလႅင်း ဝဵင်းၶူဝ်လမ် ၵေႃႉၼိုင်ႈ လၢတ်ႈတီႈၽူႈတွႆႇႁွၵ်ႈဝႃႈ “ရူတ်ႉၵႃး ၸိူဝ
873.png,ၸဝ်ႈၵႃး ၸိူဝ်းမီးဝႂ်ႁပ်ႉႁွင်း/ ထောက်ခံစာ၊ ၸိူဝ်းသမ်းယႃႁႄႉၵင်ႈယဝ်ႉ ၸိူဝ်းၼႆႉတႄႉ
874.png,ၸဝ်ႈၵႃးၸိူဝ်းၵိၼ်ၸၢင်ႈတေႃႉၶူဝ်း ဢမ်ႇမီးဝႂ်ႁပ်ႉႁွင်း သမ်းယႃႁႄႈၵင်ႈတၢင်းပဵၼ်ၶူဝ်ႊဝ
875.png,တေႃႇထိုင်မႃး ဝၼ်းတီႈ 5/8/2021 ၼႆႉ ႁွင်ႈၵၢၼ်ၾၢႆႇပၢႆးယူႇလီလႄႈၾၢႆႇလဵင်ႈႁႅင်း ၶွင်ၸု
876.png,လူင်းႁူင်းယႃယဝ်ႉ သွင်သႅၼ်ပၢႆ လူႉတၢႆ မိုၼ်ႇပၢႆ လႄႈ တိုၵ်ႉ ယူတ်းယႃတူဝ်ဝႆႉ 7 မိုၼ်
877.png,-သိုၵ်းမၢၼ်ႈလႄႈသိုၵ်းၵဝ်ႈၵၢင်ႉ ပိုတ်းယိုဝ်းၵၼ်ႁိမ်းၸမ်ဝၢၼ်ႈ
878.png,မိူဝ်ႈၼႆႉ ဝၼ်းတီႈ 6/8/2021 ယၢမ်းၵၢင်ဝၼ်း 11 မူင်းၶိုင်ႈ သိုၵ်းၶႄႇၵဝ်ႈၵၢင်ႉ လူမ်ႇ
879.png,သိုၵ်းၵဝ်ႈၵၢင်ႉ တႄႇယိုဝ်းသိုၵ်းမၢၼ်ႈ ထုင်ႉၼႆႉမႃး တင်ႈတႄႇ ဝၼ်းတီႈ 2/8/2021 တေႃႇထ
880.png,ယွၼ်ႉပၢင်တိုၵ်းသေ သိုၵ်းမၢၼ်ႈ ပွႆႇမၢၵ်ႇလူင်သႂ်ႇၼႂ်းဝၢၼ်ႈ ႁဵတ်းႁႂ်ႈၵူၼ်းမိူင်းၼပ
881.png,ယိုဝ်းၵၼ် ဢမ်ႇႁိုင်သေတႃႉ ပၢင်တိုၵ်းပဵၼ် ၵူႈဝၼ်း။
882.png,- သုမ်ႉတႃႇၵူၼ်းပၢႆႈၽေးတေမႃးသွၼ်ႈယူႇသဝ်းတီႈ ၵိဝ်ႇၵူတ်ႉပၢင်ႇသၢႆး
883.png,ၵူၼ်း ပၢင်ႇသၢႆး ၵေႃႉၼိုင်ႈ လၢတ်ႈတီႈၽူႈတွႆႇႁွၵ်ႈဝႃႈ“တီႈႁိမ်းပဵၼ်ပၢင်တိုၵ်းၼၼ်ႉ သိ
884.png,သိုၵ်းၶႄႇၵူဝ်းၵၢင်ႉ (ၵဝ်ႈၵၢင်ႉ)ၵႂႃႇၶိုၼ်ႈယိုဝ်း ၵွပ်ႈၼႆလႄႈ ၶွင်ႇ သီႇသိုၵ်းမၢၼ်ႈ
885.png,မိူဝ်ႈဝၼ်းတီႈ 4/8/2021 ပူၼ်ႉမႃးၼႆႉၵေႃႈ ယူႇတီႈၶွင်ႇသီႇသိုၵ်းမၢၼ်ႈ ယိုဝ်းၵွင်ႈၶဝ်ႈ
886.png,ၵူၼ်းမိူင်း ၼပ်ႉႁူဝ်ပၢၵ်ႇ ၸိူဝ်းပၢႆႈမူၵ်းထိူၼ်ႇ ယၢပ်ႇၽိုတ်ႇ တႃႇယူႇလွတ်ႈၾူၼ်၊ ယၢ
887.png,ၸိူဝ်းပၢႆႈၽေးသိုၵ်းၵမ်ႈၼမ် ပဵၼ်ၵူၼ်းထဝ်ႈ၊ ၼၢင်းယိင်း လႄႈ လုၵ်ႈဢွၼ်ႇ။ၶွင်ႇသီႇသို
888.png,မိူဝ်ႈဝႃး ဝၼ်းတီႈ 5/8/2021 ၼႂ်းဝၼ်းလဵဝ်ၵူၺ်း ၼႂ်းၸႄႈဝဵင်းၵဵင်းတုင် ၸိုင်ႈတႆး ပွတ
889.png,ၵၢတ်ႇၵဵင်းတုင်
890.png,ၽူႈတူင်ႉၼိုင် ၼႂ်းတူင်ႇဝူင်းၵူၼ်း ၵဵင်းတုင် ၵေႃႉၼိုင်ႈ လၢတ်ႈတီႈၽူႈတွႆႇႁွၵ်ႈဝႃႈ “
891.png,မိူဝ်ႈဝႃးဝၼ်းလဵဝ်ၵူၺ်း ၵူၼ်းၸပ်းတၢင်းပဵၼ် မီးထိုင် 25 ၵေႃႉ ။
892.png,ပေႃးထတ်းထႅင်ႈၵေႃႈ ယင်းတေႁၼ်ထႅင်ႈလူးၵွၼ်ႇ။
893.png,ၽတ်ႉၽဵင်ႇၼႆႉၸပ်းယူႇဝၼ်း 10 ၵေႃႉ 20 ၵေႃႉ ၶႃႈဢေႃႈၼႆႉ”- ဝႃႈၼႆ။
894.png,ၶူဝ်ႊဝိတ်ႉလၢမ်းမႃးပွၵ်ႈၼႆႉ ၵူၼ်းမိူင်းၵဵင်းတုင် ၵမ်ႈၼမ် ဢွၼ်ၵၼ် ၵၵ်းတူဝ်
895.png,ၵၢတ်ႇလူင်ၵဵင်းတုင် ဢမ်ႇပိၵ်ႉဝႆႉသေတႃႉ ဢမ်ႇမီးၵူၼ်းမႃးသိုဝ်ႉၶၢႆ။
896.png,တင်ႈဢဝ် ဝၼ်းတီႈ 30/7/2021 မႃးတေႃႇထိုင် ဝၼ်းတီႈ 3/8/2021 ၾၢႆႇပၢႆးယူႇလီ လႆႈသမ်းၶဵမ
897.png,ဢၼ်သမ်းၶဵမ်ယဝ်ႉဢၼ်ၵဝ်ႇလႄႈဢၼ်မႂ်ႇတင်းမူၼ်းမီး မိုၼ်ႇပၢႆယဝ်ႉ လႆႈႁူႉၼင်ႇၼႆ။
898.png,"“ တီႈၵဵင်းတုင်ၼႆႉ သမ်းယႃႈယႃႁႄႉၵင်ႈယဝ်ႉ ပွၵ်ႈၼႆႉ 5,618 ၵေႃႉ ၊ ၶိုင်ဝႆႉတေသမ်းပၼ်ထႅ"
899.png,တင်းမူတ်းတေပဵၼ် 7000 ပၢႆ။
900.png,ၶဝ်ဝႃႈတေလူင်းသမ်းပၼ်ၼႂ်းပွၵ်ႉၼႂ်းၵိဝ်ႇ ယႃႇႁႂ်ႈလႆႈပဵၼ်ၵူၼ်းၶွၼ်ႈၵၼ်”- ၽူႈတူင်ႉၼိ
901.png,မိူဝ်ႈသိုၵ်းမၢၼ်ႈ ပႆႇယိုတ်းဢႃႇၼႃႇ ၊ ပၢၼ်လူင်ပွင်ၸိုင်ႈၼူၵ်ႉယုင်းၼၼ်ႉ ၵူၼ်းမိူင်း
902.png,"ပေႃးႁူမ်ႈၵၼ်ဢၼ်သမ်းယဝ်ႉတင်းမူတ်းတိုၵ်ႉမီး 13,000 ပၢႆ ၵူၺ်း ၽူႈတူင်ႉၼိုင်တူင်ႇဝူ"
903.png,မိူဝ်ႈဝႃး ဝၼ်းတီႈ 5/8/2021 ၵူၼ်းမိူင်းၼႂ်းဝဵင်းၵဵင်းတွင်း ၸႄႈဝဵင်းမိူင်းၼၢႆး ၸႄႈ
904.png,ၼမ်ႉတူၵ်းတၢတ်ႇၵဵင်းတွင်း
905.png,ၼၢင်းသီၼူၼ်း မေႃယႃလုမ်းလႃး ၵူၼ်းပဵၼ် တီႈႁူင်းယႃလူင် ၸႄႈဝဵင်းမိူင်ပၼ်ႇ လၢတ်ႈတီႈၽူ
906.png,ၵူၼ်းပဵၼ် တင်းမူတ်းတေမီးယူႇ 59 ၵေႃႉၶႃႈ တီႈၵဵင်းတွင်း”- ဝႃႈၼႆ။
907.png,ဝဵင်းၵဵင်းတွင်းၼႆႉမီးၾၢႆႇႁွင်ႇဝဵင်းလၢင်းၶိူဝ်း ၊မီးၸဵင်ႇႁွင်ႇဝၼ်းဢွၵ်ႇဝဵင်းမိူင်
908.png,ၼႂ်းၸႄႈဝဵင်းမိူင်းၼၢႆးၵေႃႈ မီးၵူၼ်းလူႉတၢႆ ယွၼ်ႉတၢင်းပဵၼ် ၶူဝ်ႊဝိတ်ႉ 19 ၼႆႉ ၵေႃႉၼ
909.png,ဢၼ်ၵိုတ်းလိူဝ်သမ်ႉ ၸၢႆႇၾႆးၾႃႉပၼ်ၼႂ်းၸိုင်ႈတႆးပွတ်းၸၢၼ်းလၢႆလၢႆဝဵင်း။
910.png,“တီႈမိူင်းၼၢႆးတႄႉ မီးၵူၼ်းလူႉတၢႆ ယွၼ်ႉတၢင်းပဵၼ်ၶူဝ်ႊဝိတ်ႉ 19 ၼႆႉ ၵေႃႉၼိုင်ႈ တီႈမ
911.png,တေႃႇထိုင် မိူဝ်ႈဝႃး ဝၼ်းတီႈ 5/8/2021 ၼႆႉ ၼႂ်းၸႄႈတွၼ်ႈလၢင်းၶိူဝ်း မီးၵူၼ်းတိတ်းၸပ
912.png,ၼႂ်းၼၼ်ႉ ၼႂ်းဝဵင်းလၢင်းၶိူဝ်းမီး 140 ၵေႃႉ၊ ၵဵင်းတွင်း 59 ၵေႃႉ၊ မိူင်းၼၢႆး 61 ၵေႃ
913.png,- ၼႂ်းဝၢၼ်ႈတီႈၼိုင်ႈ တီႈမိူင်းယေႃ
914.png,မိူဝ်ႈႁၢင်လိူၼ်ၵျုၼ်ႊလၢႆႊ 2021 ပူၼ်ႉမႃးၼႆႉ ၵူၼ်းမိူင်း ထုင်ႉမိူင်းယေႃ ၸႄႈဝဵင်းလႃ
915.png,ၽူႈတူင်ႉၼိုင်တူင်ႇဝူင်းၵူၼ်း ထုင်းမိူင်းယေႃ လၢတ်ႈတီႈၽူႈတွႆႇႁွၵ်ႈဝႃႈ “မီးၶၢဝ်ႇဝႃႈ
916.png,ပေႃးသမ်းၵေႃႈတၢႆၼႆႉဝႃႇ ၶၢဝ်ႇ ပွမ်/ ၽၢင်း လိုဝ်းၵၼ်ပေႃၸွတ်ႇ။
917.png,လီၶႂ်ႈၶူဝ်ႁႃႉ လီၸႂ်လမ်ႁႃႉ ပေႃးဢမ်ႇၸၢင်ႈဝႃႈၸိူင်ႉ ႁိုဝ်ယဝ်ႉ။
918.png,ဢမ်ႇ ႁတ်းမႃးႁိူၼ်း ”
919.png,ၼႆႉ ၵူဝ်သေ ဢွၼ်ၵၼ်တိုၼ်ႇသၢၼ်ႈ ႁႅၼ်းၶူဝ်းပၢႆႈယူႇၸွမ်း ႁႆႈၸွမ်းၼႃး။
920.png,ဝၼ်းတီႈ 29/7/2021 ၼႆႉ ၸုမ်းသိုၵ်းမၢၼ်ႈ ဢဝ်ႁိူဝ်းမိၼ်သိုၵ်းသေ တၢင်ႇယႃႈယႃႁႄႉၵင်ႈၶူ
921.png,တီႈဝဵင်းၼမ်ႉၶမ်း လႆႈ 900 မူၵ်ႇ တႃႇၵူၼ်း 900 ၵေႃႉ။
922.png,ၸၢႆးယီႈလူင်ၶမ်း ဝဵင်းၼမ်ႉၶမ်းလၢတ်ႈ လၢတ်ႈတီႈၽူႈတွႆႇႁွၵ်ႈ “တီႈၼမ်ႉၶမ်းႁဝ်းၶႃႈၼႆႉ ၵ
923.png,ၵူၼ်းမိူင်းၼႆႉ ၽႂ်ၵေႃႈၶႂ်ႈသမ်းဢေႃႈ။
924.png,ၶႃႈၵေႃႈ ႁၼ်ထိုင်ဝႃႈ လီသမ်းယူႇ။
925.png,မၼ်းပဵၼ်တိုဝ်ႉတၢင်း ဢမ်ႇလီပၼ်လုတ်ႇ။
926.png,လူင်ပွင်ၸိုင်ႈမိူင်းၶႄႇ သူင်ႇယႃႈယႃႁႄႉၵင်ႈတၢင်းပဵၼ်ၶူဝ်ႊဝိတ်ႉ 19 ပၼ်ၸုမ်းသိုၵ်းမၢ
927.png,ပေႃးပဵၼ်မႃး မၼ်းယႃယၢပ်ႇ” ဝႃႈၼႆ။
928.png,ၼႂ်းၼၼ်ႉ တပ်ႉသိုၵ်းၸိုင်ႈတႆး / ၵေႃႈလႆႈႁပ်ႉ။
929.png,“မၼ်းပဵၼ်ယႃႈယႃမိူင်းၶႄႇ ပေႃးသမ်းဝႃႈတၢႆၼႆလႄႈ ႁဝ်းၶႃႈၵူဝ်ၶႃႈဢေႃႈ။
930.png,တီႈၵဵင်းလိူၼ်ႁဝ်းၶႃႈၼႆႉ မီးၵူၼ်း ၵႂႃႇ သမ်း 6 ၵေႃႉၵူၺ်းၶႃႈယိုင်” ၼႆ ၵူၼ်းၵဵင်းလိ
931.png,ၵဵဝ်ႇၵပ်းလွင်ႈၼႆႉ ၼၢင်းမေႃယႃ ဢမ်ႇၶႂ်ႈဢွၵ်ႇၸိုဝ်ႈၵေႃႉၼိုင်ႈဝႃႈ သမ်းၶႅၼ်းလိူဝ်ဢမ်ႇ
932.png,တၢင်းပဵၼ်ၶူဝ်းဝိတ်ႉ 19 ၽႄႈလၢမ်းၵမ်းၼႆႉ ၼႂ်းမိူင်းတႆး မီးၵူၼ်းၸပ်း မိုၼ်ႇပၢႆ တၢႆ
933.png,-ၶူဝ်းၶွင်ရူတ်ႉၶိူင်ႈ ႁႅင်းၵၢၼ်ပွၵ်ႈၶဝ်ႈမႃးတၢင်း မူႇၸေႊ
934.png,တႄႇဢဝ် ဝၼ်းတီႈ 26/7/2021 မႃးတေႃႇထိုင် ဝၼ်းတီႈ 5/8/2021 ၼႆႉ ႁႅင်းၵၢၼ် မိူင်းႁူမ်ႈ
935.png,"ၶၢဝ်းတၢင်း 9 မိုဝ်ႉ 10 ဝၼ်းၼႆႉၵူၺ်း ပွၵ်ႈမႃးၶိုၼ်း ဢမ်ႇယွမ်း 2,500 ၵေႃႉ ။"
936.png,ၸဝ်ႈၵႃး မူႇၸေႊ ၵေႃႉၼိုင်ႈ လၢတ်ႈတီႈၽူႈတွႆႇႁွၵ်ႈဝႃႈ “ယၢမ်းလဵဝ် ႁႅင်းၵၢၼ် ပွၵ်ႈၶဝ်ႈ
937.png,ဢၼ်ၶဝ်ႈပဵၼ်တၢင်းၵၢၼ်။
938.png,ႁႅင်းၵၢၼ် မၢင်ၵေႃႉ ဢၼ်ပွၵ်ႈ ၶဝ်ႈမႃးၼႆႉ ယွၼ်ႉတၢင်းပဵၼ်ၶူဝ်ႊဝိတ်ႉ 19 သေ ၵၢၼ်ငၢၼ်း
939.png,ၶူဝ်ႊဝိတ်ႉၽႄႈၶိုၼ်းၵမ်းၼႆႉ ၸိူင်ႉၼင်ႇ ၵူၼ်းမိူင်းမၢၼ်ႈၸပ်းၽႄႈ လူႉယႂ်ႇတၢႆၼမ်ၼၼ်ႉ
940.png,ႁႅင်းၵၢၼ် ဢၼ်လုၵ်ႉတၢင်းမိူင်းၶႄႇ ပွၵ်ႈၶဝ်ႈမႃးၼၼ်ႉ ၵေႃႉၼိုင်ႈ လၢတ်ႈတီႈၽူႈတွႆႇႁွၵ်
941.png,ဢၼ်မီးဝႆႉ ၶူဝ်းၶွင်တၢင်းမိူင်းၶႄႇၼၼ်ႉၵေႃႈ ၶၢႆသေ ဢွၼ်ၵၼ်ဢွၵ်ႇမႃး ၶႃႈဢေႃႈ။
942.png,ၽိူဝ်ႇ ဝႃႈ ႁွတ်ႈၽႅဝ်တီႈၼႆႈၵေႃႈ လႆႈပၼ်ထႅင်ႈတီႈၽူႈမီးပုၼ်ႈၽွၼ်း ၵႃႈၸရိတ်ႈၵႃး တေပွ
943.png,ၵူၼ်းၸပ်းၶူဝ်းဝိတ်ႉ ၼႂ်းမိူင်းမၢၼ်ႈ ယၢမ်းလဵဝ် (ဢိင်ၶေႃႈမုလ်းၶူဝ်ႊဝိတ်ႉလုမ်ႈၾႃႉ)
944.png,ဝဵင်းၵဵင်းတုင် ၵူၼ်းၸပ်းၶူဝ်ႊဝိတ်ႉၼမ်  ၾၢင်ႉၵၼ်ယူႇသဝ်းၵႂႃႇမႃး
945.png,တႄႇဢဝ် ႁၢင်လိူၼ်ၵျုၼ်ႊမႃး တေႃႇထိုင် ဝၼ်းတီႈ 4/8/2021 ၼႆႉ ၼႂ်းၸႄႈဝဵင်းၵဵင်းတုင် ၸ
946.png,တိုၵ်ႉၼမ်ၶိုၼ်ႈမႃးၵူႈဝၼ်း။
947.png,ၽူႈတူင်ႉၼိုင်ၼႂ်းတူင်ႇဝူင်းၵူၼ်း ၵေႃႉၼိုင်ႈ ၸႄႈဝဵင်းၵဵင်းတုင် လၢတ်ႈတီႈၽူႈတွႆႇႁွၵ
948.png,မၢင်ၸိူဝ်း ဢၼ်သမ်းယႃဝႆႉၼၼ်ႉ ထၢင်ႇဝႃႈ သမ်း ယဝ်ႉ တေႁႄႉၵင်ႈလႆႈယဝ်ႉၼႆလႄႈ ယူႇမဝ်မၢင်
949.png,ဢၼ်ၼႆႉ ၼႄးတၢင်းၽိတ်း ၶဝ်ၵေႃႈ ဢမ်ႇလႆႈ။
950.png,ၵွပ်ႈဝႃႈ လူင်ပွင်ၸိုင်ႈၵေႃႈ ဢမ်ႇပၼ်တၢင်းႁူႉ ဝၢႆးသေသမ်းယဝ်ႉ တေလႆႈယူႇၸိူင်ႉႁိုဝ်။
951.png,သမ်းပၼ်ယဝ်ႉၵေႃႈ မိူၼ်ဝႃႈ လူင်ပွင် ၸိုင်ႈ ႁဵတ်းၸွမ်းၼင်ႇ ပုၼ်ႈၽွၼ်း/ တႃႈဝုၼ်ႇၶဝ်
952.png,ၽွင်းသိုၵ်းမၢၼ်ႈယိုတ်းမိူင်းမႃးၼႆႉ ၵူႈၸႄႈဝဵင်းၼႂ်းၸိုင်ႈတႆးပႃးၸဵမ်ဝဵင်းၵဵင်းတုင်
953.png,ယူႇတီႈၸုမ်းၸွႆႈထႅမ်တူင်ႇဝူင်းၵူၼ်း ၸုမ်းပရႁိတ ၼႂ်းပိုၼ်ႉတီႈ လႄႈ ၾၢႆႇပၢႆးယူႇလီၵူ
954.png,ၵွပ်ႈၼႆလွင်ႈၶဵင်ႈၶႅင် လွင်ႈသေႃႇသူၼ်းႁႂ်ႈၾၢင်ႉယူႇၾၢင်ႉၵိၼ်ၵေႃႈဢမ်ႇပေႃးမီး၊ ၸဝ်ႈတႃ
955.png,ၵူၼ်းမိူင်းလႆႈတေႃႇသူႈဢဝ်ႁင်းၽႂ်မၼ်းၵူၺ်း ၵူၼ်းၼုမ်ႇၸွႆႈထႅမ်ၼႂ်းတူင်ႇဝူင်းၵူၼ်းၵ
956.png,“မိူဝ်ႈသိုၵ်းပႆႇယိုတ်းမိူင်းၼၼ်ႉ ၵႆႉၵႆႉလႆႈႁၼ် ၾၢႆႇပၢႆးယူႇလီၶဝ် ပေႃးဝၢႆးဝၼ်းမႃးၼႆ
957.png,ၵႆႉလႆႈႁၼ် လႆႈငိၼ်း လွင်ႈသေႃႇသူၼ်း ပၼ်ပၢႆးယူႇလီလႄႈတႃႇႁႄႉၵင်ႈယေႃးၵႃႇၼႆႉ။
958.png,ယၢမ်းလဵဝ်ၼႆႉ ဢမ်ႇလႆႈႁၼ် ပၢႆးယူႇလီၶဝ်သေႃႇၸွမ်းပွၵ်ႉၸွမ်းၵိဝ်ႇယဝ်ႉ ဝႃႈလႃးၵေႃႈ ၶဝ်
959.png,မိူဝ်ႈဝႃး ဝၼ်းတီႈ 4/8/2021 ၼႂ်းဝၼ်းလဵဝ်ၵူၺ်း ၼႂ်းၸႄႈဝဵင်းၵဵင်းတုင် ၵူတ်ႇထတ်း ထူပ
960.png,ၵူၼ်းၼုမ်ႇ ၼႂ်းပိုၼ်ႉတီႈ ၸႄႈဝဵင်းၵဵင်းတုင် ၵေႃႉၼိုင်ႈ လၢတ်ႈတီႈၽူႈတွႆႇႁွၵ်ႈဝႃႈ “တ
961.png,တၢင်းႁၢင်ႈလီမိူင်းတႆး- ၼွင်ပဵတ်း ၾၢႆႇဢွၵ်ႇမိူင်းယေႃ ၸႄႈဝဵင်းလႃႈသဵဝ်ႈ
962.png,မိူဝ်ႈဝႃး ဝၼ်းတီႈ 4/8/2021 ယၢမ်းၵၢင်ဝၼ်း မွၵ်ႈ 12 မူင်း မၢၵ်ႇၸုမ်းသိုၵ်းလႂ်မႃးႁၢ
963.png,ၸၢၵ်ႇမၢၵ်ႇ တိူဝ်ႉသႂ်ႇ ၵႃး၊ ၸဝ်ႈၵႃး ၊ သိုၵ်းမၢၼ်ႈ ဢၼ်ၶီႇမႃးၸွမ်း လႄႈ တိူဝ်ႉသႂ်ႇပ
964.png,ၵူၼ်းမိူင်းယေႃ ၵေႃႉၼိုင်ႈ လၢတ်ႈတီႈၽူႈတွႆႇႁွၵ်ႈဝႃႈ “ ပဵၼ်ၵႃးၽူဝ်းဝီးၶဝ်မိူင်းၵႅတ်
965.png,မႃးၸွမ်းၵၼ်သွင်လမ်း ။
966.png,သိုၵ်းမၢၼ်ႈသမ်ႉယွၼ်းၶီႇမႃးၸွမ်းၵႃးလမ်းတၢင်းၼႃႈ ။
967.png,ၽိူဝ်ႇ ထိုင် မႃး ၸမ်ၶဝ်ႈမိူင်းယေႃ ၵေႃႈ မၢၵ်ႇၼႆႉ တႅၵ်ႇသႂ်ႇၵႃးလမ်းတၢင်းလင် ။
968.png,ၵႃးပိၼ်ႈၵႂႃႇ။
969.png,ၸၢၵ်ႇမၢၵ်ႇၽူင်ႉသႂ်ႇ သိုၵ်းမၢၼ်ႈဢၼ်ၶီႇမႃးၸွမ်းၵႃးလမ်းတၢင်းၼႃႈၼၼ်ႉမၢတ်ႇၸဵပ်း ၊ ၽူင
970.png,ၸဝ်ႈၵႃး မၢတ်ႇၸဵပ်းတီႈႁူဝ်တႃ လိူတ်ႈဢွၵ်ႇဢိတ်းၼိုင်ႈ ”- ဝႃႈၼႆ။
971.png,ၽွင်းၼၼ်ႉ ပႃႈယွၼ်း ဢႃယု 60 ပၢႆ ၵူၼ်းဝၢၼ်ႈၶူဝ်ၶမ်း ဢၼ်ယၢၼ်ၵႆတၢင်း မိူင်းယေႃ မွၵ်ႈ
972.png,“ၸႂ်ႈၶႃႈဢေႃႈ ၽွင်းၼၼ်ႉ ပႃႈယွၼ်း ၼႆၼၼ်ႉသမ်ႉပႃးႁၢပ်ႇ ပႆမႃးႁိမ်းၼၼ်ႉလႄႈ ၸၢၵ်ႇမၢၵ်ႇ
973.png,ၽိူဝ်ႇမႃးပေႃႉတူၺ်းထၢတ်ႈမၢၼ်ႇလႆႈႁၼ် ၸၢၵ်ႇမၢၵ်ႇၶမ်ဝႆႉတီႈၶႃႈလူင်မၼ်း။
974.png,ၵူၺ်းၵႃႈ ဢမ်ႇၸၢင်ႈၽႃႇဢွၵ်ႇ တီႈမိူင်းယေႃၼႆႉ။
975.png,ၵူၺ်းၵႃႈလႆႈငိၼ်းဝႃႈ မၼ်း ၼၢင်း လူင်းႁူင်းယႃၵႂႃႇယဝ်ႉ ဢမ်ႇႁူႉဝႃႈတေၵႂႃႇသိုပ်ႇယူတ်း
976.png,ပဵၼ်မၢၵ်ႇၽႂ်ၸုမ်းလႂ်ႁၢင်ႈၵၢင်ဝႆႉတႄႉဢမ်ႇႁူႉ၊ ယွၼ်ႉပိူဝ်ႈမၼ်းတႅၵ်ႇၸမ်မိူင်းယေႃလႄႈၵ
977.png,ယွၼ်ႉပိူဝ်ႈတီႈမိူင်းယေႃၼႆႉမီးၸုမ်းယိပ်းၵွင်ႈၵၢင်ႇလၢႆလၢႆၸုမ်းတူင်ႉၼိုင်ယူႇသဝ်း ။
978.png,ၵႆႉမီးလွင်ႈၶဵင်ႈၶႅင်ၵၼ်။
979.png,ၽႂ်တူင်ႉၼိုင်တွၼ်ႈလႂ်ၵေႃႈၵူၼ်းမိူင်းဢမ်ႇလႆႈႁူႉတႅၵ်ႇလႅင်း။
980.png,ထဝ်ႈဝၢၼ်ႈထဝ်ႈၼႃးၵူၼ်းမိူင်းယေႃၵေႃႉၼိုင်ႈၵေႃႈလၢတ်ႈတီႈၽူႈတွႆႇႁွၵ်ႈဝႃႈ -“ ႁဝ်းၶႃႈတႄ
981.png,လွင်ႈသင်ၵေႃႈယဝ်ႉ ယႃႇပေလႃႈလီႈႁဵတ်းၸွမ်းႁိမ်းႁွမ်းဝၢၼ်ႈသူၼ်ႁိူၼ်းယေးၵူၼ်းဝၢၼ်ႈသေၵ
982.png,ယၢမ်းလဵဝ် ၼႂ်းထုင်ႉမိူင်းယေႃၼႆႉ မီးၸုမ်းယိပ်းၵွင်ႈၵၢင်ႇ ၸၢဝ်းၶိူဝ်း လၢႆလၢႆၸုမ်း
983.png,ၸူဝ်ႈမီးၸုမ်းယိပ်းၵွင်ႈၵၢင်ႇတူင်ႉၼိုင်မႃးၼမ်ၼႆႉ ၵူၼ်းမိူင်းၵေႃႈ ယၢပ်ႇၽိုတ်ႇၵိၼ်
984.png,လွင်ႈပူၼ်ႉပႅၼ်သုၼ်ႇလႆႈၵေႃႈလိူင်ႇလွင်ႈႁူမ်ႇလူမ်ႈ ၵေႃႈဢမ်ႇမီး ၊ ၵူၼ်းမိူင်းဢမ်ႇၸၢ
985.png,- ၵၢင်ဝဵင်းတူၼ်ႈတီး ဢမ်ႇမီးၵူၼ်း ရူတ်ႉၵႃးၵႂႃႇမႃး ယွၼ်ႉတၢင
986.png,ၵွပ်ႈၼႆလႄႈ တင်ႈဢဝ်ဝၼ်းတီႈ 1/6/2021 တေႃႇထိုင်ဝၼ်းတီႈ 4/8/2021 တီႈဝဵင်းတူၼ်ႈတီး ၵူ
987.png,ၵူၼ်းဢၼ်တိတ်းၸပ်းတင်းပဵၼ်သေလူႉတၢႆၵမ်ႈၼမ်ပဵၼ်ၵူၼ်းၼုမ်ႇလႄႈၵူၼ်းဢႃယုၶၢဝ်ႉၵႄႇ။
988.png,ၸိူဝ်းၶဝ် ပဵၼ်ၵူၼ်းမီးတၢင်းပဵၼ် လိူတ်ႈဝၢၼ်၊ လိူတ်ႈသုင်၊ ယဵဝ်ႈဝၢၼ်၊ တပ်း၊ တႂ် ဝႆ
989.png,ၵမ်ႈၼမ်တႄႉ ယွၼ်ႉပိူဝ်ႈႁႅင်းဢွၵ်ႊသီႊၵျိၼ်ႊၼႂ်းတူဝ်တူၵ်းႁႅင်း၊ ဢမ်ႇလႆႈႁပ်ႉလွင်ႈယူ
990.png,လၢၼ်ႉၶၢႆၶူဝ်းလႄႈ ၵၢတ်ႇတႄႉပိၵ်ႉဢိုတ်းဝႆႉၸဵမ်လိူၼ်ၵျုၼ်ႊပူၼ်ႉမႃး၊ ယင်းပႆႇပိုတ်ႇၶို
991.png,ၵူၼ်းတေဢွၵ်ႇၼွၵ်ႈႁိူၼ်းၵေႃႈ လႆႈဢဝ်ဝႂ်ဢွၵ်ႇႁိူၼ်းတီႈလုမ်းၵွၼ်းပွၵ်ႉယွမ်ႇၵွၼ်ႇၸင်
992.png,ၼိုင်ႈႁိူၼ်းလႆႈၶႂၢင်ႉဢွၵ်ႇႁိူၼ်း 1 ၵေႃႉၵူၺ်း။
993.png,ပေႃးၵႂႃႇႁူင်းယႃ ႁွင်ႈယႃတႄႉ လႆႈၶႂၢင်ႉၵႂႃႇ ၼိုင်ႈႁိူၼ်း 2 ၵေႃႉၵူၺ်း။တီႈဝဵင်းတႃႈၶီ
994.png,ၸွမ်းၼင်ႇမီးၵူၼ်း/ၸုမ်း ၶႂ်ႈယႃႉၵဝ်းၸိုဝ်ႈသဵင်မုၵ်ႉၸုမ်း
995.png,ဝၼ်းတီႈ 2/8/2021 ပူၼ်ႉမႃးၼႆႉတီႈႁူင်းယႃတႃႈၶီႈလဵၵ်းမီးလုၵ်ႈဢွၼ်ႇလႅင် ဢႃယု 8 ဝၼ်းၵေ
996.png,မေႃယႃလူင်တီႈႁူင်းယႃတႃႈၶီႈလဵၵ်း တႅမ်ႈတၢင်ႇဝႆႉတီႉၾဵတ်ႉသ်ပုၵ်ႉသုၼ်ႇတူဝ်မၼ်းဝႃႈ -“ၸိ
997.png,ၵူၺ်းၵႃႈ လုၵ်ႈဢွၼ်ႇလဵၵ်ႉ 2 ၵေႃႉၼႆႉသမ်ႉ မီးၾၢင်ႁၢင်ႈပွတ်ႇၵႂ်ႈဝႆႉလႄႈ လႆႈမႆႈၸႂ်ဢိတ
998.png,လုၵ်ႈဢွၼ်ႇလႅင် ဢၼ်တိတ်းၸပ်းတၢင်းပဵၼ်ၶူဝ်ႊဝိတ်ႉ တီႈတႃႈၶီႈလဵၵ်းၼႆႉ  တင်းသွင်ၵေႃႉမီ
999.png,တီႈဝဵင်းတႃႈၶီႈလဵၵ်းၼႆႉ မိူဝ်ႈတၢင်းပဵၼ်ၶူဝ်ႊဝိတ်ႉၶဝ်ႈ ႁွပ်ႈဢွၼ်တၢင်းၸိူဝ်းၼၼ်ႉၵေႃ
1000.png,တၢင်းပဵၼ်ၽႄႈလၢမ်းမႃးပွၵ်ႈၵမ်းၼႆႉ တီႈဝဵင်းတႃႈၶီႈလဵၵ်းမီးၵူၼ်းတိတ်းၸပ်းတၢင်းပဵၼ်ၼမ
